source,target,relation,method,confidence,doc_id
COBS 1.1.1A,COBS 1.1.1AE,CITES,rule,0.97,COBS_0002
COBS 1.1.1A,COBS 4.6,CITES,rule,0.97,COBS_0002
COBS 1.1.1A,COBS 4.7,CITES,rule,0.97,COBS_0002
COBS 1.1.1A,COBS 4.10,CITES,rule,0.97,COBS_0002
COBS 1.1.1AA,COBS 6.2B,CITES,rule,0.97,COBS_0003
COBS 1.1.1AA,COBS 1.1.1AR,CITES,rule,0.97,COBS_0003
COBS 1.1.1AE,COBS 1.1.1AR,CITES,rule,0.97,COBS_0004
COBS 1.1.1AE,COBS 6.1ZA,CITES,rule,0.97,COBS_0004
COBS 1.1.1AE,COBS 6.2B,CITES,rule,0.97,COBS_0004
COBS 1.1.1AE,COBS 11.2A.34R,CITES,rule,0.97,COBS_0004
COBS 1.1.1AE,COBS 11.3,CITES,rule,0.97,COBS_0004
COBS 1.1.1AE,COBS 11.4,CITES,rule,0.97,COBS_0004
COBS 1.1.1AE,COBS 11.5A,CITES,rule,0.97,COBS_0004
COBS 1.1.1AE,COBS 11A.1,CITES,rule,0.97,COBS_0004
COBS 1.1.1AE,COBS 12.2,CITES,rule,0.97,COBS_0004
COBS 1.1.1AE,COBS 14.3A,CITES,rule,0.97,COBS_0004
COBS 1.1.1AF,COBS 1.1.1AE,CITES,rule,0.97,COBS_0005
COBS 1.1.1B,COBS 4.4.3,CITES,rule,0.97,COBS_0006
COBS 1.1.1B,COBS 15.2,CITES,rule,0.97,COBS_0006
COBS 1.1.1B,COBS 15.3,CITES,rule,0.97,COBS_0006
COBS 1.1.1B,COBS 15.4,CITES,rule,0.97,COBS_0006
COBS 1.1.7,COBS 1.4,CITES,rule,0.97,COBS_0016
COBS 1.4.2,COBS 6.1ZA,CITES,rule,0.97,COBS_0018
COBS 1.4.2,COBS 1.1.2R,CITES,rule,0.97,COBS_0018
COBS 1.4.2,COBS 2.1.1AR,CITES,rule,0.97,COBS_0018
COBS 1.4.2,COBS 2.2A,CITES,rule,0.97,COBS_0018
COBS 1.4.2,COBS 2.4,CITES,rule,0.97,COBS_0018
COBS 1.4.2,COBS 4.2,CITES,rule,0.97,COBS_0018
COBS 1.4.2,COBS 4.4.1,CITES,rule,0.97,COBS_0018
COBS 1.4.2,COBS 6.1,CITES,rule,0.97,COBS_0018
COBS 1.4.2,COBS 11.2A,CITES,rule,0.97,COBS_0018
COBS 1.4.2,COBS 11.2B,CITES,rule,0.97,COBS_0018
COBS 1.4.2,COBS 11.3,CITES,rule,0.97,COBS_0018
COBS 1.4.2,COBS 12.2.18R,CITES,rule,0.97,COBS_0018
COBS 1.4.2,COBS 14.3,CITES,rule,0.97,COBS_0018
COBS 1.4.2,COBS 14.3A,CITES,rule,0.97,COBS_0018
COBS 1.4.2,COBS 14.3A.3R,CITES,rule,0.97,COBS_0018
COBS 1.4.2,COBS 16A.3,CITES,rule,0.97,COBS_0018
COBS 1.4.2,COBS 4.4.1R,CITES,rule,0.97,COBS_0018
COBS 1.4.2,COBS 11.4,CITES,rule,0.97,COBS_0018
COBS 1.4.2,COBS 1.1.1CR,CITES,rule,0.97,COBS_0018
COBS 1.4.2,COBS 2.1,CITES,rule,0.97,COBS_0018
COBS 1.4.2,COBS 2.2,CITES,rule,0.97,COBS_0018
COBS 1.4.2,COBS 4.5.2R,CITES,rule,0.97,COBS_0018
COBS 1.4.2,COBS 4.10,CITES,rule,0.97,COBS_0018
COBS 1.4.2,COBS 4.11,CITES,rule,0.97,COBS_0018
COBS 1.4.2,COBS 4.12A,CITES,rule,0.97,COBS_0018
COBS 1.4.2,COBS 4.12B,CITES,rule,0.97,COBS_0018
COBS 1.4.2,COBS 16.6.7AR,CITES,rule,0.97,COBS_0018
COBS 1.4.2,COBS 16.6.8R,CITES,rule,0.97,COBS_0018
COBS 1.4.2,COBS 16.6.13G,CITES,rule,0.97,COBS_0018
COBS 1.4.2,COBS 19.10,CITES,rule,0.97,COBS_0018
COBS 2.1.5,COBS 2.2,CITES,rule,0.97,COBS_0024
COBS 2.1.5,COBS 2.2.,CITES,rule,0.97,COBS_0024
COBS 2.1.5,COBS 2.2.1R,CITES,rule,0.97,COBS_0024
COBS 2.1.5,COBS 2.2A,CITES,rule,0.97,COBS_0024
COBS 2.2.2,COBS 2.2.1,CITES,rule,0.97,COBS_0026
COBS 2.2.2,COBS 6.1,CITES,rule,0.97,COBS_0026
COBS 2.2.3,COBS 2.2A,CITES,rule,0.97,COBS_0027
COBS 2.2.3,COBS 2.2A.1,CITES,rule,0.97,COBS_0027
COBS 2.2.3,COBS 2.2A.2R,CITES,rule,0.97,COBS_0027
COBS 2.2.3,COBS 2.2A.1A,CITES,rule,0.97,COBS_0027
COBS 2.2.3,COBS 1.4.2G,CITES,rule,0.97,COBS_0027
COBS 2.2.3,COBS 2.2A.2,CITES,rule,0.97,COBS_0027
COBS 2.2.3,COBS 2.2A.2A,CITES,rule,0.97,COBS_0027
COBS 2.2.3,COBS 2.2A.3,CITES,rule,0.97,COBS_0027
COBS 2.2.3,COBS 2.2A.4,CITES,rule,0.97,COBS_0027
COBS 2.2.3,COBS 6.1ZA,CITES,rule,0.97,COBS_0027
COBS 2.2.3,COBS 9A.3,CITES,rule,0.97,COBS_0027
COBS 2.2.3,COBS 14.3,CITES,rule,0.97,COBS_0027
COBS 2.2.3,COBS 14.3A,CITES,rule,0.97,COBS_0027
COBS 2.2.3,COBS 2.2A.5,CITES,rule,0.97,COBS_0027
COBS 2.2.3,COBS 2.2.3R,CITES,rule,0.97,COBS_0027
COBS 2.2.3,COBS 2.2A.6,CITES,rule,0.97,COBS_0027
COBS 2.2.3,COBS 2.2A.7,CITES,rule,0.97,COBS_0027
COBS 2.2.3,COBS 2.2B,CITES,rule,0.97,COBS_0027
COBS 2.2.3,COBS 2.2B.1,CITES,rule,0.97,COBS_0027
COBS 2.2.3,COBS 2.2B.2,CITES,rule,0.97,COBS_0027
COBS 2.2.3,COBS 2.2B.3,CITES,rule,0.97,COBS_0027
COBS 2.2.3,COBS 2.2B.4,CITES,rule,0.97,COBS_0027
COBS 2.2.3,COBS 2.2B.5,CITES,rule,0.97,COBS_0027
COBS 2.2.3,COBS 2.2B.6R,CITES,rule,0.97,COBS_0027
COBS 2.2.3,COBS 2.2B.7R,CITES,rule,0.97,COBS_0027
COBS 2.2.3,COBS 2.2B.6,CITES,rule,0.97,COBS_0027
COBS 2.2.3,COBS 2.2B.7,CITES,rule,0.97,COBS_0027
COBS 2.2.3,COBS 2.2B.8,CITES,rule,0.97,COBS_0027
COBS 2.2.3,COBS 2.2B.5R,CITES,rule,0.97,COBS_0027
COBS 2.2.3,COBS 2.2B.9,CITES,rule,0.97,COBS_0027
COBS 2.2.3,COBS 2.2B.10,CITES,rule,0.97,COBS_0027
COBS 2.2.3,COBS 2.2B.9R,CITES,rule,0.97,COBS_0027
COBS 2.2.3,COBS 2.3,CITES,rule,0.97,COBS_0027
COBS 2.2.3,COBS 2.3.,CITES,rule,0.97,COBS_0027
COBS 2.2.3,COBS 2.3A,CITES,rule,0.97,COBS_0027
COBS 2.2.3,COBS 19.6,CITES,rule,0.97,COBS_0027
COBS 2.2.3,COBS 6.1A,CITES,rule,0.97,COBS_0027
COBS 2.3.1,COBS 2.3.15,CITES,rule,0.97,COBS_0028
COBS 2.3.6A,COBS 6.1A,CITES,rule,0.97,COBS_0035
COBS 2.3.6A,COBS 6.1B,CITES,rule,0.97,COBS_0035
COBS 2.3.6A,COBS 6.1C,CITES,rule,0.97,COBS_0035
COBS 2.3.6A,COBS 6.1D,CITES,rule,0.97,COBS_0035
COBS 2.3.10,COBS 6.4,CITES,rule,0.97,COBS_0038
COBS 2.3.10,COBS 2.3.1,CITES,rule,0.97,COBS_0038
COBS 2.3.11,COBS 6.4,CITES,rule,0.97,COBS_0039
COBS 2.3.11,COBS 2.3.1R,CITES,rule,0.97,COBS_0039
COBS 2.3.12,COBS 6.1A.5,CITES,rule,0.97,COBS_0041
COBS 2.3.12,COBS 6.1C.6,CITES,rule,0.97,COBS_0041
COBS 2.3.12,COBS 2.3.1,CITES,rule,0.97,COBS_0041
COBS 2.3.12A,COBS 2.3.12E,CITES,rule,0.97,COBS_0042
COBS 2.3.13,COBS 2.3.1,CITES,rule,0.97,COBS_0043
COBS 2.3.13,COBS 2.3.10,CITES,rule,0.97,COBS_0043
COBS 2.3.13,COBS 2.3.12,CITES,rule,0.97,COBS_0043
COBS 2.3.14,COBS 2.3.15,CITES,rule,0.97,COBS_0044
COBS 2.3.14,COBS 6.4.3,CITES,rule,0.97,COBS_0044
COBS 2.3.14,COBS 6.1A.9,CITES,rule,0.97,COBS_0044
COBS 2.3.14,COBS 6.1C.8,CITES,rule,0.97,COBS_0044
COBS 2.3.15,COBS 2.3.14,CITES,rule,0.97,COBS_0045
COBS 2.3.16,COBS 6.1A,CITES,rule,0.97,COBS_0046
COBS 2.3.16,COBS 6.1C,CITES,rule,0.97,COBS_0046
COBS 2.3.16A,COBS 2.3.1R,CITES,rule,0.97,COBS_0047
COBS 2.3.16B,COBS 2.3.14G,CITES,rule,0.97,COBS_0048
COBS 2.3.16B,COBS 2.3.16AG,CITES,rule,0.97,COBS_0048
COBS 2.3.16B,COBS 6.1A,CITES,rule,0.97,COBS_0048
COBS 2.3.16B,COBS 6.1B,CITES,rule,0.97,COBS_0048
COBS 2.3.17,COBS 2.3.1R,CITES,rule,0.97,COBS_0050
COBS 2.3.17,COBS 2.3A,CITES,rule,0.97,COBS_0050
COBS 2.3.17,COBS 2.3A.1,CITES,rule,0.97,COBS_0050
COBS 2.3.17,COBS 6.1A,CITES,rule,0.97,COBS_0050
COBS 2.3.17,COBS 6.1B,CITES,rule,0.97,COBS_0050
COBS 2.3.17,COBS 6.1E,CITES,rule,0.97,COBS_0050
COBS 2.3.17,COBS 2.3A.2,CITES,rule,0.97,COBS_0050
COBS 2.3.17,COBS 2.3A.3,CITES,rule,0.97,COBS_0050
COBS 2.3.17,COBS 2.3A.4,CITES,rule,0.97,COBS_0050
COBS 2.3.17,COBS 2.3A.5,CITES,rule,0.97,COBS_0050
COBS 2.3.17,COBS 2.3A.6R,CITES,rule,0.97,COBS_0050
COBS 2.3.17,COBS 2.3A.6,CITES,rule,0.97,COBS_0050
COBS 2.3.17,COBS 2.3A.5R,CITES,rule,0.97,COBS_0050
COBS 2.3.17,COBS 2.3A.8R,CITES,rule,0.97,COBS_0050
COBS 2.3.17,COBS 2.3A.9AR,CITES,rule,0.97,COBS_0050
COBS 2.3.17,COBS 2.3B,CITES,rule,0.97,COBS_0050
COBS 2.3.17,COBS 2.3B.3R,CITES,rule,0.97,COBS_0050
COBS 2.3.17,COBS 2.3A.10R,CITES,rule,0.97,COBS_0050
COBS 2.3.17,COBS 2.3A.7,CITES,rule,0.97,COBS_0050
COBS 2.3.17,COBS 2.1.1R,CITES,rule,0.97,COBS_0050
COBS 2.3.17,COBS 2.3A.8,CITES,rule,0.97,COBS_0050
COBS 2.3.17,COBS 2.3A.9,CITES,rule,0.97,COBS_0050
COBS 2.3.17,COBS 2.3A.9A,CITES,rule,0.97,COBS_0050
COBS 2.3.17,COBS 2.3A.10,CITES,rule,0.97,COBS_0050
COBS 2.3.17,COBS 2.3A.11,CITES,rule,0.97,COBS_0050
COBS 2.3.17,COBS 2.3A.12,CITES,rule,0.97,COBS_0050
COBS 2.3.17,COBS 2.3A.13,CITES,rule,0.97,COBS_0050
COBS 2.3.17,COBS 2.3A.12R,CITES,rule,0.97,COBS_0050
COBS 2.3.17,COBS 6.1ZA,CITES,rule,0.97,COBS_0050
COBS 2.3.17,COBS 2.3A.14,CITES,rule,0.97,COBS_0050
COBS 2.3.17,COBS 2.3A.15,CITES,rule,0.97,COBS_0050
COBS 2.3.17,COBS 6.1A.6R,CITES,rule,0.97,COBS_0050
COBS 2.3.17,COBS 2.3A.19R,CITES,rule,0.97,COBS_0050
COBS 2.3.17,COBS 6.1A.5AR,CITES,rule,0.97,COBS_0050
COBS 2.3.17,COBS 2.3A.16,CITES,rule,0.97,COBS_0050
COBS 2.3.17,COBS 2.3A.17,CITES,rule,0.97,COBS_0050
COBS 2.3.17,COBS 2.3A.18,CITES,rule,0.97,COBS_0050
COBS 2.3.17,COBS 2.3A.19,CITES,rule,0.97,COBS_0050
COBS 2.3.17,COBS 2.3A.20,CITES,rule,0.97,COBS_0050
COBS 2.3.17,COBS 2.3A.21,CITES,rule,0.97,COBS_0050
COBS 2.3.17,COBS 2.3A.22,CITES,rule,0.97,COBS_0050
COBS 2.3.17,COBS 2.3A.22A,CITES,rule,0.97,COBS_0050
COBS 2.3.17,COBS 2.3A.23,CITES,rule,0.97,COBS_0050
COBS 2.3.17,COBS 2.3A.24,CITES,rule,0.97,COBS_0050
COBS 2.3.17,COBS 6.4,CITES,rule,0.97,COBS_0050
COBS 2.3.17,COBS 2.3A.25,CITES,rule,0.97,COBS_0050
COBS 2.3.17,COBS 2.3A.26,CITES,rule,0.97,COBS_0050
COBS 2.3.17,COBS 2.3A.27,CITES,rule,0.97,COBS_0050
COBS 2.3.17,COBS 6.1A.5G,CITES,rule,0.97,COBS_0050
COBS 2.3.17,COBS 6.1C.6G,CITES,rule,0.97,COBS_0050
COBS 2.3.17,COBS 2.3A.15R,CITES,rule,0.97,COBS_0050
COBS 2.3.17,COBS 2.3A.28,CITES,rule,0.97,COBS_0050
COBS 2.3.17,COBS 2.3A.27E,CITES,rule,0.97,COBS_0050
COBS 2.3.17,COBS 2.3A.29,CITES,rule,0.97,COBS_0050
COBS 2.3.17,COBS 2.3A.24E,CITES,rule,0.97,COBS_0050
COBS 2.3.17,COBS 2.3A.30,CITES,rule,0.97,COBS_0050
COBS 2.3.17,COBS 2.3A.31,CITES,rule,0.97,COBS_0050
COBS 2.3.17,COBS 11.2A,CITES,rule,0.97,COBS_0050
COBS 2.3.17,COBS 2.3A.32,CITES,rule,0.97,COBS_0050
COBS 2.3.17,COBS 2.3A.33,CITES,rule,0.97,COBS_0050
COBS 2.3.17,COBS 2.3A.34A,CITES,rule,0.97,COBS_0050
COBS 2.3.17,COBS 2.3A.35,CITES,rule,0.97,COBS_0050
COBS 2.3.17,COBS 2.3B.1,CITES,rule,0.97,COBS_0050
COBS 2.3.17,COBS 2.3B.2,CITES,rule,0.97,COBS_0050
COBS 2.3.17,COBS 2.3A.16R,CITES,rule,0.97,COBS_0050
COBS 2.3.17,COBS 2.3B.3,CITES,rule,0.97,COBS_0050
COBS 2.3.17,COBS 2.3B.4R,CITES,rule,0.97,COBS_0050
COBS 2.3.17,COBS 2.3B.25R,CITES,rule,0.97,COBS_0050
COBS 2.3.17,COBS 2.3B.33G,CITES,rule,0.97,COBS_0050
COBS 2.3.17,COBS 2.3B.4,CITES,rule,0.97,COBS_0050
COBS 2.3.17,COBS 2.3B.7R,CITES,rule,0.97,COBS_0050
COBS 2.3.17,COBS 2.3B.8R,CITES,rule,0.97,COBS_0050
COBS 2.3.17,COBS 2.3B.11R,CITES,rule,0.97,COBS_0050
COBS 2.3.17,COBS 2.3B.5,CITES,rule,0.97,COBS_0050
COBS 2.3.17,COBS 2.3B.6,CITES,rule,0.97,COBS_0050
COBS 2.3.17,COBS 2.3B.5R,CITES,rule,0.97,COBS_0050
COBS 2.3.17,COBS 2.3B.20R,CITES,rule,0.97,COBS_0050
COBS 2.3.17,COBS 2.3B.7,CITES,rule,0.97,COBS_0050
COBS 2.3.17,COBS 2.3B.8,CITES,rule,0.97,COBS_0050
COBS 2.3.17,COBS 2.3B.9,CITES,rule,0.97,COBS_0050
COBS 2.3.17,COBS 2.3B.10,CITES,rule,0.97,COBS_0050
COBS 2.3.17,COBS 2.3B.11,CITES,rule,0.97,COBS_0050
COBS 2.3.17,COBS 2.3B.12R,CITES,rule,0.97,COBS_0050
COBS 2.3.17,COBS 2.3B.12,CITES,rule,0.97,COBS_0050
COBS 2.3.17,COBS 2.3B.13,CITES,rule,0.97,COBS_0050
COBS 2.3.17,COBS 2.3B.14,CITES,rule,0.97,COBS_0050
COBS 2.3.17,COBS 2.3B.15,CITES,rule,0.97,COBS_0050
COBS 2.3.17,COBS 2.3B.16,CITES,rule,0.97,COBS_0050
COBS 2.3.17,COBS 2.3B.17,CITES,rule,0.97,COBS_0050
COBS 2.3.17,COBS 2.3B.18,CITES,rule,0.97,COBS_0050
COBS 2.3.17,COBS 2.3B.19,CITES,rule,0.97,COBS_0050
COBS 2.3.17,COBS 2.3B.20,CITES,rule,0.97,COBS_0050
COBS 2.3.17,COBS 2.3B.21,CITES,rule,0.97,COBS_0050
COBS 2.3.17,COBS 2.3B.22,CITES,rule,0.97,COBS_0050
COBS 2.3.17,COBS 2.3A.22G,CITES,rule,0.97,COBS_0050
COBS 2.3.17,COBS 2.3B.23,CITES,rule,0.97,COBS_0050
COBS 2.3.17,COBS 2.3B.24,CITES,rule,0.97,COBS_0050
COBS 2.3.17,COBS 2.3B.25,CITES,rule,0.97,COBS_0050
COBS 2.3.17,COBS 2.3B.30R,CITES,rule,0.97,COBS_0050
COBS 2.3.17,COBS 2.3B.26,CITES,rule,0.97,COBS_0050
COBS 2.3.17,COBS 2.3B.27,CITES,rule,0.97,COBS_0050
COBS 2.3.17,COBS 2.3B.28,CITES,rule,0.97,COBS_0050
COBS 2.3.17,COBS 2.3B.29,CITES,rule,0.97,COBS_0050
COBS 2.3.17,COBS 11.2A.2R,CITES,rule,0.97,COBS_0050
COBS 2.3.17,COBS 2.3B.30,CITES,rule,0.97,COBS_0050
COBS 2.3.17,COBS 2.3B.27G,CITES,rule,0.97,COBS_0050
COBS 2.3.17,COBS 2.3B.26R,CITES,rule,0.97,COBS_0050
COBS 2.3.17,COBS 2.3B.31,CITES,rule,0.97,COBS_0050
COBS 2.3.17,COBS 2.3B.32,CITES,rule,0.97,COBS_0050
COBS 2.3.17,COBS 2.3B.33,CITES,rule,0.97,COBS_0050
COBS 2.3.17,COBS 2.3C,CITES,rule,0.97,COBS_0050
COBS 2.3.17,COBS 2.3C.1,CITES,rule,0.97,COBS_0050
COBS 2.3.17,COBS 2.3C.2,CITES,rule,0.97,COBS_0050
COBS 2.3.17,COBS 2.3C.1R,CITES,rule,0.97,COBS_0050
COBS 2.3.17,COBS 2.3C.3,CITES,rule,0.97,COBS_0050
COBS 2.3.17,COBS 2.3C.4,CITES,rule,0.97,COBS_0050
COBS 2.3.17,COBS 2.3C.2R,CITES,rule,0.97,COBS_0050
COBS 2.3.17,COBS 2.4,CITES,rule,0.97,COBS_0050
COBS 2.4.3,COBS 16.2,CITES,rule,0.97,COBS_0053
COBS 2.4.3,COBS 16A.3,CITES,rule,0.97,COBS_0053
COBS 2.4.5,COBS 10A.2,CITES,rule,0.97,COBS_0055
COBS 2.4.5A,COBS 10A.2,CITES,rule,0.97,COBS_0056
COBS 2.4.6,COBS 2.4.4,CITES,rule,0.97,COBS_0057
COBS 2.4.6,COBS 2.4.5AR,CITES,rule,0.97,COBS_0057
COBS 2.4.7,COBS 2.4.6,CITES,rule,0.97,COBS_0058
COBS 2.4.8,COBS 2.4.6R,CITES,rule,0.97,COBS_0059
COBS 2.4.10,COBS 2.5,CITES,rule,0.97,COBS_0061
COBS 2.5.4,COBS 2.5,CITES,rule,0.97,COBS_0065
COBS 3.1.3,COBS 3.3,CITES,rule,0.97,COBS_0068
COBS 3.1.3,COBS 3.8,CITES,rule,0.97,COBS_0068
COBS 3.1.5,COBS 3.2,CITES,rule,0.97,COBS_0070
COBS 3.2.3,COBS 2.4.3,CITES,rule,0.97,COBS_0073
COBS 3.2.3,COBS 3.3,CITES,rule,0.97,COBS_0073
COBS 3.3.2,COBS 3.7.1,CITES,rule,0.97,COBS_0076
COBS 3.3.2,COBS 3.4,CITES,rule,0.97,COBS_0076
COBS 3.4.2,COBS 3.5,CITES,rule,0.97,COBS_0078
COBS 3.5.3A,COBS 3.5.3BR,CITES,rule,0.97,COBS_0084
COBS 3.5.3A,COBS 3.5.3ER,CITES,rule,0.97,COBS_0084
COBS 3.5.3B,COBS 3.5.3R,CITES,rule,0.97,COBS_0085
COBS 3.5.3C,COBS 3.5.3BR,CITES,rule,0.97,COBS_0086
COBS 3.5.3C,COBS 3.5.3R,CITES,rule,0.97,COBS_0086
COBS 3.5.3D,COBS 3.5.2BR,CITES,rule,0.97,COBS_0087
COBS 3.5.3D,COBS 3.5.3CR,CITES,rule,0.97,COBS_0087
COBS 3.5.3D,COBS 3.5.3BR,CITES,rule,0.97,COBS_0087
COBS 3.5.3E,COBS 3.5.3R,CITES,rule,0.97,COBS_0088
COBS 3.5.9,COBS 3.6,CITES,rule,0.97,COBS_0094
COBS 3.6.4,COBS 3.5.2,CITES,rule,0.97,COBS_0098
COBS 3.6.4,COBS 3.6.4BR,CITES,rule,0.97,COBS_0098
COBS 3.6.4A,COBS 3.6.4BR,CITES,rule,0.97,COBS_0099
COBS 3.6.4A,COBS 3.5.2R,CITES,rule,0.97,COBS_0099
COBS 3.6.4B,COBS 3.6.4R,CITES,rule,0.97,COBS_0100
COBS 3.6.4B,COBS 3.6.4AR,CITES,rule,0.97,COBS_0100
COBS 3.6.6,COBS 3.7,CITES,rule,0.97,COBS_0102
COBS 3.7.3A,COBS 3.6.2R,CITES,rule,0.97,COBS_0105
COBS 3.7.3A,COBS 3.5.2R,CITES,rule,0.97,COBS_0105
COBS 3.7.3B,COBS 3.7.1R,CITES,rule,0.97,COBS_0106
COBS 3.7.3B,COBS 3.7.2G,CITES,rule,0.97,COBS_0106
COBS 3.7.3B,COBS 3.7.5R,CITES,rule,0.97,COBS_0106
COBS 4.1.1,COBS 1.1.1A,CITES,rule,0.97,COBS_0114
COBS 4.1.4,COBS 4.3.1,CITES,rule,0.97,COBS_0119
COBS 4.1.6,COBS 3.2.1,CITES,rule,0.97,COBS_0121
COBS 4.1.7D,COBS 4.1.7CR,CITES,rule,0.97,COBS_0126
COBS 4.1.7D,COBS 4.12A,CITES,rule,0.97,COBS_0126
COBS 4.1.7D,COBS 4.11,CITES,rule,0.97,COBS_0126
COBS 4.1.10,COBS 4.9,CITES,rule,0.97,COBS_0129
COBS 4.1.10,COBS 4.2,CITES,rule,0.97,COBS_0129
COBS 4.2.2,COBS 4.2.1R,CITES,rule,0.97,COBS_0131
COBS 4.2.6,COBS 4.3,CITES,rule,0.97,COBS_0135
COBS 4.3.1,COBS 4.4,CITES,rule,0.97,COBS_0136
COBS 4.4.3,COBS 4.5,CITES,rule,0.97,COBS_0138
COBS 4.5.2,COBS 4.10.9AR,CITES,rule,0.97,COBS_0140
COBS 4.5.3,COBS 4.5.2R,CITES,rule,0.97,COBS_0142
COBS 4.5.3,COBS 4.5.2AR,CITES,rule,0.97,COBS_0142
COBS 4.5.5,COBS 4.2.2G,CITES,rule,0.97,COBS_0144
COBS 4.5.9,COBS 4.5.2R,CITES,rule,0.97,COBS_0148
COBS 4.5.9,COBS 4.2.4G,CITES,rule,0.97,COBS_0148
COBS 4.5.10,COBS 14.3.7AG,CITES,rule,0.97,COBS_0149
COBS 4.5.10,COBS 14.3.7BG,CITES,rule,0.97,COBS_0149
COBS 4.5.11,COBS 4.5.2R,CITES,rule,0.97,COBS_0150
COBS 4.5.11A,COBS 4.5.12R,CITES,rule,0.97,COBS_0151
COBS 4.5.11A,COBS 4.5.15R,CITES,rule,0.97,COBS_0151
COBS 4.5.11B,COBS 4.5.11AR,CITES,rule,0.97,COBS_0152
COBS 4.5.11B,COBS 4.5.12R,CITES,rule,0.97,COBS_0152
COBS 4.5.11B,COBS 4.5.15R,CITES,rule,0.97,COBS_0152
COBS 4.5.12,COBS 4.5.13R,CITES,rule,0.97,COBS_0153
COBS 4.5.13,COBS 4.6.2R,CITES,rule,0.97,COBS_0154
COBS 4.5.14,COBS 4.5.13R,CITES,rule,0.97,COBS_0155
COBS 4.5.15,COBS 4.5.12R,CITES,rule,0.97,COBS_0156
COBS 4.5.15,COBS 4.5.14R,CITES,rule,0.97,COBS_0156
COBS 4.5.17,COBS 4.5,CITES,rule,0.97,COBS_0158
COBS 4.5.17,COBS 4.1.7AR,CITES,rule,0.97,COBS_0158
COBS 4.5.17,COBS 4.5A,CITES,rule,0.97,COBS_0158
COBS 4.5.17,COBS 4.5A.1,CITES,rule,0.97,COBS_0158
COBS 4.5.17,COBS 4.5A.3,CITES,rule,0.97,COBS_0158
COBS 4.5.17,COBS 4.5A.7R,CITES,rule,0.97,COBS_0158
COBS 4.5.17,COBS 4.5A.16R,CITES,rule,0.97,COBS_0158
COBS 4.5.17,COBS 4.5A.4,CITES,rule,0.97,COBS_0158
COBS 4.5.17,COBS 4.5A.5,CITES,rule,0.97,COBS_0158
COBS 4.5.17,COBS 4.5A.6,CITES,rule,0.97,COBS_0158
COBS 4.5.17,COBS 4.5A.7,CITES,rule,0.97,COBS_0158
COBS 4.5.17,COBS 4.5A.8,CITES,rule,0.97,COBS_0158
COBS 4.5.17,COBS 4.5A.9,CITES,rule,0.97,COBS_0158
COBS 4.5.17,COBS 4.5A.10,CITES,rule,0.97,COBS_0158
COBS 4.5.17,COBS 4.5A.11,CITES,rule,0.97,COBS_0158
COBS 4.5.17,COBS 4.5A.12,CITES,rule,0.97,COBS_0158
COBS 4.5.17,COBS 4.5A.10R,CITES,rule,0.97,COBS_0158
COBS 4.5.17,COBS 4.5A.14,CITES,rule,0.97,COBS_0158
COBS 4.5.17,COBS 4.5A.15,CITES,rule,0.97,COBS_0158
COBS 4.5.17,COBS 4.5A.14R,CITES,rule,0.97,COBS_0158
COBS 4.5.17,COBS 4.5A.16,CITES,rule,0.97,COBS_0158
COBS 4.5.17,COBS 4.5A.17,CITES,rule,0.97,COBS_0158
COBS 4.5.17,COBS 4.5A.18,CITES,rule,0.97,COBS_0158
COBS 4.5.17,COBS 4.6,CITES,rule,0.97,COBS_0158
COBS 4.6.1,COBS 4.1.1R,CITES,rule,0.97,COBS_0159
COBS 4.6.4,COBS 4.6.2R,CITES,rule,0.97,COBS_0162
COBS 4.6.4,COBS 4.6.4A,CITES,rule,0.97,COBS_0162
COBS 4.6.4A,COBS 4.6.4,CITES,rule,0.97,COBS_0163
COBS 4.6.6,COBS 4.6.2,CITES,rule,0.97,COBS_0166
COBS 4.6.9,COBS 13.4,CITES,rule,0.97,COBS_0169
COBS 4.6.9,COBS 13.5,CITES,rule,0.97,COBS_0169
COBS 4.6.9,COBS 4.7,CITES,rule,0.97,COBS_0169
COBS 4.6.9,COBS 4.7.,CITES,rule,0.97,COBS_0169
COBS 4.6.9,COBS 4.7.1R,CITES,rule,0.97,COBS_0169
COBS 4.6.9,COBS 6.1ZA,CITES,rule,0.97,COBS_0169
COBS 4.6.9,COBS 14.3A,CITES,rule,0.97,COBS_0169
COBS 4.7.1,COBS 6.1.4,CITES,rule,0.97,COBS_0170
COBS 4.7.1,COBS 6.1.6,CITES,rule,0.97,COBS_0170
COBS 4.7.1,COBS 6.1.7,CITES,rule,0.97,COBS_0170
COBS 4.7.1,COBS 6.1.9,CITES,rule,0.97,COBS_0170
COBS 4.7.1,COBS 14.3.2,CITES,rule,0.97,COBS_0170
COBS 4.7.1,COBS 14.3.3,CITES,rule,0.97,COBS_0170
COBS 4.7.1,COBS 14.3.4,CITES,rule,0.97,COBS_0170
COBS 4.7.1,COBS 14.3.5,CITES,rule,0.97,COBS_0170
COBS 4.7.2A,COBS 4.7.1R,CITES,rule,0.97,COBS_0172
COBS 4.7.3,COBS 4.7.1R,CITES,rule,0.97,COBS_0173
COBS 4.7.3,COBS 14.2,CITES,rule,0.97,COBS_0173
COBS 4.7.3,COBS 14.2.5R,CITES,rule,0.97,COBS_0173
COBS 4.8.3,COBS 4.9,CITES,rule,0.97,COBS_0181
COBS 4.9.7,COBS 4.10,CITES,rule,0.97,COBS_0188
COBS 4.10.1A,COBS 4.10.2R,CITES,rule,0.97,COBS_0190
COBS 4.10.2A,COBS 4.12A.15R,CITES,rule,0.97,COBS_0193
COBS 4.10.2A,COBS 4.12B.10R,CITES,rule,0.97,COBS_0193
COBS 4.10.2A,COBS 4.12A.28R,CITES,rule,0.97,COBS_0193
COBS 4.10.2A,COBS 4.10.2R,CITES,rule,0.97,COBS_0193
COBS 4.10.2B,COBS 4.11.6R,CITES,rule,0.97,COBS_0194
COBS 4.10.2B,COBS 4.10.2AR,CITES,rule,0.97,COBS_0194
COBS 4.10.3,COBS 4.12B,CITES,rule,0.97,COBS_0196
COBS 4.10.3,COBS 4.12B.7R,CITES,rule,0.97,COBS_0196
COBS 4.10.3,COBS 4.10.2R,CITES,rule,0.97,COBS_0196
COBS 4.10.3,COBS 4.10.2AR,CITES,rule,0.97,COBS_0196
COBS 4.10.3A,COBS 4.10.2R,CITES,rule,0.97,COBS_0197
COBS 4.10.7A,COBS 4.5.2R,CITES,rule,0.97,COBS_0202
COBS 4.10.9A,COBS 4.10.9AR,CITES,rule,0.97,COBS_0205
COBS 4.10.9B,COBS 4.10.9AR,CITES,rule,0.97,COBS_0206
COBS 4.10.12,COBS 4.10.9AR,CITES,rule,0.97,COBS_0209
COBS 4.10.12,COBS 4.11,CITES,rule,0.97,COBS_0209
COBS 4.11.1,COBS 4.10.9AR,CITES,rule,0.97,COBS_0210
COBS 4.11.1,COBS 4.11.4R,CITES,rule,0.97,COBS_0210
COBS 4.11.4,COBS 4.12B,CITES,rule,0.97,COBS_0213
COBS 4.11.4,COBS 4.12B.4R,CITES,rule,0.97,COBS_0213
COBS 4.11.5,COBS 4.12A.15R,CITES,rule,0.97,COBS_0214
COBS 4.11.5,COBS 4.12A.21R,CITES,rule,0.97,COBS_0214
COBS 4.11.5,COBS 4.12A.28R,CITES,rule,0.97,COBS_0214
COBS 4.11.6,COBS 4.12A.15R,CITES,rule,0.97,COBS_0215
COBS 4.11.6,COBS 4.11.5R,CITES,rule,0.97,COBS_0215
COBS 4.11.8,COBS 4.12A.44R,CITES,rule,0.97,COBS_0217
COBS 4.11.8,COBS 4.12B.13R,CITES,rule,0.97,COBS_0217
COBS 4.11.8,COBS 4.11A,CITES,rule,0.97,COBS_0217
COBS 4.11.8,COBS 4.11A.1,CITES,rule,0.97,COBS_0217
COBS 4.11.8,COBS 4.11A.2,CITES,rule,0.97,COBS_0217
COBS 4.11.8,COBS 4.11A.3,CITES,rule,0.97,COBS_0217
COBS 4.11.8,COBS 4.12A,CITES,rule,0.97,COBS_0217
COBS 4.11.8,COBS 4.12A.1,CITES,rule,0.97,COBS_0217
COBS 4.11.8,COBS 4.12A.7R,CITES,rule,0.97,COBS_0217
COBS 4.11.8,COBS 4.12A.2,CITES,rule,0.97,COBS_0217
COBS 4.11.8,COBS 4.12A.4,CITES,rule,0.97,COBS_0217
COBS 4.11.8,COBS 4.12A.5,CITES,rule,0.97,COBS_0217
COBS 4.11.8,COBS 4.12A.15R,CITES,rule,0.97,COBS_0217
COBS 4.11.8,COBS 4.12A.6,CITES,rule,0.97,COBS_0217
COBS 4.11.8,COBS 4.12A.7,CITES,rule,0.97,COBS_0217
COBS 4.11.8,COBS 4.12A.8,CITES,rule,0.97,COBS_0217
COBS 4.11.8,COBS 4.12A.9,CITES,rule,0.97,COBS_0217
COBS 4.11.8,COBS 4.12A.9A,CITES,rule,0.97,COBS_0217
COBS 4.11.8,COBS 4.12A.8G,CITES,rule,0.97,COBS_0217
COBS 4.11.8,COBS 4.12A.9G,CITES,rule,0.97,COBS_0217
COBS 4.11.8,COBS 4.12A.9B,CITES,rule,0.97,COBS_0217
COBS 4.11.8,COBS 4.12A.10,CITES,rule,0.97,COBS_0217
COBS 4.11.8,COBS 4.12A.11R,CITES,rule,0.97,COBS_0217
COBS 4.11.8,COBS 4.12A.11,CITES,rule,0.97,COBS_0217
COBS 4.11.8,COBS 4.12A.10R,CITES,rule,0.97,COBS_0217
COBS 4.11.8,COBS 4.12A.36R,CITES,rule,0.97,COBS_0217
COBS 4.11.8,COBS 4.12A.38R,CITES,rule,0.97,COBS_0217
COBS 4.11.8,COBS 4.12A.40R,CITES,rule,0.97,COBS_0217
COBS 4.11.8,COBS 4.12A.42R,CITES,rule,0.97,COBS_0217
COBS 4.11.8,COBS 4.12A.12,CITES,rule,0.97,COBS_0217
COBS 4.11.8,COBS 4.12A.13,CITES,rule,0.97,COBS_0217
COBS 4.11.8,COBS 4.12A.14,CITES,rule,0.97,COBS_0217
COBS 4.11.8,COBS 4.12A.35G,CITES,rule,0.97,COBS_0217
COBS 4.11.8,COBS 18.12.24R,CITES,rule,0.97,COBS_0217
COBS 4.11.8,COBS 18.12.28R,CITES,rule,0.97,COBS_0217
COBS 4.11.8,COBS 4.12A.18R,CITES,rule,0.97,COBS_0217
COBS 4.11.8,COBS 4.12A.15,CITES,rule,0.97,COBS_0217
COBS 4.11.8,COBS 4.12A.17R,CITES,rule,0.97,COBS_0217
COBS 4.11.8,COBS 4.12A.20R,CITES,rule,0.97,COBS_0217
COBS 4.11.8,COBS 4.12A.21R,CITES,rule,0.97,COBS_0217
COBS 4.11.8,COBS 4.12A.28R,CITES,rule,0.97,COBS_0217
COBS 4.11.8,COBS 4.12A.16,CITES,rule,0.97,COBS_0217
COBS 4.11.8,COBS 4.12A.22R,CITES,rule,0.97,COBS_0217
COBS 4.11.8,COBS 4.12A.17,CITES,rule,0.97,COBS_0217
COBS 4.11.8,COBS 4.12A.18,CITES,rule,0.97,COBS_0217
COBS 4.11.8,COBS 4.12A.19,CITES,rule,0.97,COBS_0217
COBS 4.11.8,COBS 4.12A.20,CITES,rule,0.97,COBS_0217
COBS 4.11.8,COBS 4.12A.21,CITES,rule,0.97,COBS_0217
COBS 4.11.8,COBS 4.12A.22,CITES,rule,0.97,COBS_0217
COBS 4.11.8,COBS 4.12A.23,CITES,rule,0.97,COBS_0217
COBS 4.11.8,COBS 4.12A.24,CITES,rule,0.97,COBS_0217
COBS 4.11.8,COBS 4.12A.25,CITES,rule,0.97,COBS_0217
COBS 4.11.8,COBS 4.12A.26,CITES,rule,0.97,COBS_0217
COBS 4.11.8,COBS 4.12A.27,CITES,rule,0.97,COBS_0217
COBS 4.11.8,COBS 4.12A.28,CITES,rule,0.97,COBS_0217
COBS 4.11.8,COBS 4.12A.30R,AMENDS,rule,0.97,COBS_0217
COBS 4.11.8,COBS 4.12A.32R,AMENDS,rule,0.97,COBS_0217
COBS 4.11.8,COBS 4.12A.29,CITES,rule,0.97,COBS_0217
COBS 4.11.8,COBS 4.12A.30,CITES,rule,0.97,COBS_0217
COBS 4.11.8,COBS 4.12A.31,CITES,rule,0.97,COBS_0217
COBS 4.11.8,COBS 4.12A.32,CITES,rule,0.97,COBS_0217
COBS 4.11.8,COBS 4.12A.33,CITES,rule,0.97,COBS_0217
COBS 4.11.8,COBS 4.12A.32R,CITES,rule,0.97,COBS_0217
COBS 4.11.8,COBS 10.3,CITES,rule,0.97,COBS_0217
COBS 4.11.8,COBS 10A.3,CITES,rule,0.97,COBS_0217
COBS 4.11.8,COBS 10.4,CITES,rule,0.97,COBS_0217
COBS 4.11.8,COBS 10A.4,CITES,rule,0.97,COBS_0217
COBS 4.11.8,COBS 4.12A.34,CITES,rule,0.97,COBS_0217
COBS 4.11.8,COBS 10.2.2R,CITES,rule,0.97,COBS_0217
COBS 4.11.8,COBS 4.12A.35,CITES,rule,0.97,COBS_0217
COBS 4.11.8,COBS 4.12A.31R,CITES,rule,0.97,COBS_0217
COBS 4.11.8,COBS 4.12A.36,CITES,rule,0.97,COBS_0217
COBS 4.11.8,COBS 4.12A.37,CITES,rule,0.97,COBS_0217
COBS 4.11.8,COBS 4.12A.38,CITES,rule,0.97,COBS_0217
COBS 4.11.8,COBS 4.12A.39,CITES,rule,0.97,COBS_0217
COBS 4.11.8,COBS 4.12A.40,CITES,rule,0.97,COBS_0217
COBS 4.11.8,COBS 4.12A.41,CITES,rule,0.97,COBS_0217
COBS 4.11.8,COBS 4.12A.42,CITES,rule,0.97,COBS_0217
COBS 4.11.8,COBS 4.12A.43,CITES,rule,0.97,COBS_0217
COBS 4.11.8,COBS 4.12A.44,CITES,rule,0.97,COBS_0217
COBS 4.11.8,COBS 4.12A.46R,CITES,rule,0.97,COBS_0217
COBS 4.11.8,COBS 4.12A.45,CITES,rule,0.97,COBS_0217
COBS 4.11.8,COBS 4.12A.46,CITES,rule,0.97,COBS_0217
COBS 4.11.8,COBS 4.12A.47,CITES,rule,0.97,COBS_0217
COBS 4.11.8,COBS 4.12B,CITES,rule,0.97,COBS_0217
COBS 4.11.8,COBS 4.12B.1,CITES,rule,0.97,COBS_0217
COBS 4.11.8,COBS 4.12B.2,CITES,rule,0.97,COBS_0217
COBS 4.11.8,COBS 4.12B.1R,CITES,rule,0.97,COBS_0217
COBS 4.11.8,COBS 4.12B.4,CITES,rule,0.97,COBS_0217
COBS 4.11.8,COBS 4.12B.5,CITES,rule,0.97,COBS_0217
COBS 4.11.8,COBS 4.12B.7R,CITES,rule,0.97,COBS_0217
COBS 4.11.8,COBS 4.12B.14R,CITES,rule,0.97,COBS_0217
COBS 4.11.8,COBS 4.12B.30R,CITES,rule,0.97,COBS_0217
COBS 4.11.8,COBS 4.12B.31G,CITES,rule,0.97,COBS_0217
COBS 4.11.8,COBS 4.12B.17R,CITES,rule,0.97,COBS_0217
COBS 4.11.8,COBS 4.12B.32R,CITES,rule,0.97,COBS_0217
COBS 4.11.8,COBS 4.12B.33R,CITES,rule,0.97,COBS_0217
COBS 4.11.8,COBS 4.12B.35R,CITES,rule,0.97,COBS_0217
COBS 4.11.8,COBS 4.12B.4R,CITES,rule,0.97,COBS_0217
COBS 4.11.8,COBS 4.12B.6R,CITES,rule,0.97,COBS_0217
COBS 4.11.8,COBS 4.12B.15R,CITES,rule,0.97,COBS_0217
COBS 4.11.8,COBS 4.12B.20R,CITES,rule,0.97,COBS_0217
COBS 4.11.8,COBS 4.12B.21R,CITES,rule,0.97,COBS_0217
COBS 4.11.8,COBS 4.12B.24R,CITES,rule,0.97,COBS_0217
COBS 4.11.8,COBS 4.12B.26R,CITES,rule,0.97,COBS_0217
COBS 4.11.8,COBS 4.12B.43G,CITES,rule,0.97,COBS_0217
COBS 4.11.8,COBS 4.12B.6,CITES,rule,0.97,COBS_0217
COBS 4.11.8,COBS 4.12B.7,CITES,rule,0.97,COBS_0217
COBS 4.11.8,COBS 4.12B.38R,CITES,rule,0.97,COBS_0217
COBS 4.11.8,COBS 4.12B.9G,CITES,rule,0.97,COBS_0217
COBS 4.11.8,COBS 4.12B.39R,CITES,rule,0.97,COBS_0217
COBS 4.11.8,COBS 4.12B.40R,CITES,rule,0.97,COBS_0217
COBS 4.11.8,COBS 4.12B.8,CITES,rule,0.97,COBS_0217
COBS 4.11.8,COBS 4.12B.9,CITES,rule,0.97,COBS_0217
COBS 4.11.8,COBS 4.12B.10,CITES,rule,0.97,COBS_0217
COBS 4.11.8,COBS 4.12B.10R,CITES,rule,0.97,COBS_0217
COBS 4.11.8,COBS 4.12B.11,CITES,rule,0.97,COBS_0217
COBS 4.11.8,COBS 4.12B.12,CITES,rule,0.97,COBS_0217
COBS 4.11.8,COBS 4.12B.13,CITES,rule,0.97,COBS_0217
COBS 4.11.8,COBS 4.12B.13A,CITES,rule,0.97,COBS_0217
COBS 4.11.8,COBS 4.12B.14,CITES,rule,0.97,COBS_0217
COBS 4.11.8,COBS 4.12B.28R,CITES,rule,0.97,COBS_0217
COBS 4.11.8,COBS 4.12B.15,CITES,rule,0.97,COBS_0217
COBS 4.11.8,COBS 4.12B.16,CITES,rule,0.97,COBS_0217
COBS 4.11.8,COBS 4.12B.17,CITES,rule,0.97,COBS_0217
COBS 4.11.8,COBS 4.12B.18,CITES,rule,0.97,COBS_0217
COBS 4.11.8,COBS 4.12B.19,CITES,rule,0.97,COBS_0217
COBS 4.11.8,COBS 4.12B.19A,CITES,rule,0.97,COBS_0217
COBS 4.11.8,COBS 4.12B.18G,CITES,rule,0.97,COBS_0217
COBS 4.11.8,COBS 4.12B.19G,CITES,rule,0.97,COBS_0217
COBS 4.11.8,COBS 4.12B.19B,CITES,rule,0.97,COBS_0217
COBS 4.11.8,COBS 4.12B.20,CITES,rule,0.97,COBS_0217
COBS 4.11.8,COBS 4.12B.21,CITES,rule,0.97,COBS_0217
COBS 4.11.8,COBS 4.12B.22,CITES,rule,0.97,COBS_0217
COBS 4.11.8,COBS 4.12B.23,CITES,rule,0.97,COBS_0217
COBS 4.11.8,COBS 4.12B.24,CITES,rule,0.97,COBS_0217
COBS 4.11.8,COBS 4.12B.25,CITES,rule,0.97,COBS_0217
COBS 4.11.8,COBS 4.12B.26,CITES,rule,0.97,COBS_0217
COBS 4.11.8,COBS 4.12B.27,CITES,rule,0.97,COBS_0217
COBS 4.11.8,COBS 4.12B.28,CITES,rule,0.97,COBS_0217
COBS 4.11.8,COBS 4.12B.29,CITES,rule,0.97,COBS_0217
COBS 4.11.8,COBS 4.12B.30,CITES,rule,0.97,COBS_0217
COBS 4.11.8,COBS 4.12B.31,CITES,rule,0.97,COBS_0217
COBS 4.11.8,COBS 4.12B.32,CITES,rule,0.97,COBS_0217
COBS 4.11.8,COBS 4.12B.33,CITES,rule,0.97,COBS_0217
COBS 4.11.8,COBS 4.12B.34,CITES,rule,0.97,COBS_0217
COBS 4.11.8,COBS 4.12B.35,CITES,rule,0.97,COBS_0217
COBS 4.11.8,COBS 4.12B.36,CITES,rule,0.97,COBS_0217
COBS 4.11.8,COBS 4.12B.37,CITES,rule,0.97,COBS_0217
COBS 4.11.8,COBS 4.12B.38,CITES,rule,0.97,COBS_0217
COBS 4.11.8,COBS 4.12B.39,CITES,rule,0.97,COBS_0217
COBS 4.11.8,COBS 4.12B.40,CITES,rule,0.97,COBS_0217
COBS 4.11.8,COBS 4.12B.41,CITES,rule,0.97,COBS_0217
COBS 4.11.8,COBS 4.12B.42,CITES,rule,0.97,COBS_0217
COBS 4.11.8,COBS 4.12B.43,CITES,rule,0.97,COBS_0217
COBS 4.11.8,COBS 4.12B.44,CITES,rule,0.97,COBS_0217
COBS 4.11.8,COBS 4.12B.45,CITES,rule,0.97,COBS_0217
COBS 4.11.8,COBS 4.12B.46,CITES,rule,0.97,COBS_0217
COBS 4.11.8,COBS 4.12B.47,CITES,rule,0.97,COBS_0217
COBS 4.11.8,COBS 4.12B.48,CITES,rule,0.97,COBS_0217
COBS 4.11.8,COBS 4.12B.49,CITES,rule,0.97,COBS_0217
COBS 4.11.8,COBS 4.12B.50,CITES,rule,0.97,COBS_0217
COBS 4.11.8,COBS 4.12B.52R,CITES,rule,0.97,COBS_0217
COBS 4.11.8,COBS 4.12B.54R,CITES,rule,0.97,COBS_0217
COBS 4.11.8,COBS 4.12B.51R,CITES,rule,0.97,COBS_0217
COBS 4.11.8,COBS 4.12B.51,CITES,rule,0.97,COBS_0217
COBS 4.11.8,COBS 4.12B.50R,CITES,rule,0.97,COBS_0217
COBS 4.11.8,COBS 4.12B.52,CITES,rule,0.97,COBS_0217
COBS 4.11.8,COBS 4.12B.53,CITES,rule,0.97,COBS_0217
COBS 4.11.8,COBS 4.12B.54,CITES,rule,0.97,COBS_0217
COBS 4.11.8,COBS 4.12B.53R,CITES,rule,0.97,COBS_0217
COBS 4.11.8,COBS 4.12B.55,CITES,rule,0.97,COBS_0217
COBS 4.11.8,COBS 4.12B.56,CITES,rule,0.97,COBS_0217
COBS 4.11.8,COBS 4.12B.55R,CITES,rule,0.97,COBS_0217
COBS 4.11.8,COBS 4.12,CITES,rule,0.97,COBS_0217
COBS 4.11.8,COBS 4.12B.,CITES,rule,0.97,COBS_0217
COBS 4.11.8,COBS 4.13,CITES,rule,0.97,COBS_0217
COBS 4.13.3,COBS 4.15,CITES,rule,0.97,COBS_0220
COBS 4.15.2,COBS 4.15.3R,CITES,rule,0.97,COBS_0222
COBS 4.15.3,COBS 4.15.2R,CITES,rule,0.97,COBS_0223
COBS 4.15.4,COBS 4.15.3R,CITES,rule,0.97,COBS_0224
COBS 4.15.4,COBS 4.12A.11R,CITES,rule,0.97,COBS_0224
COBS 4.15.4,COBS 4.12A.20R,CITES,rule,0.97,COBS_0224
COBS 4.15.4,COBS 4.12B.14R,CITES,rule,0.97,COBS_0224
COBS 4.15.4,COBS 4.12B.21R,CITES,rule,0.97,COBS_0224
COBS 4.15.4,COBS 4.12A.22R,CITES,rule,0.97,COBS_0224
COBS 4.15.4,COBS 4.12B.38R,CITES,rule,0.97,COBS_0224
COBS 4.15.4,COBS 4.12B.39R,CITES,rule,0.97,COBS_0224
COBS 4.15.4,COBS 4.12B.40R,CITES,rule,0.97,COBS_0224
COBS 5.1.5,COBS 5.1.1,CITES,rule,0.97,COBS_0229
COBS 5.1.5,COBS 5.1.4,CITES,rule,0.97,COBS_0229
COBS 5.1.9,COBS 5.1.1,CITES,rule,0.97,COBS_0233
COBS 5.1.9,COBS 5.1.4,CITES,rule,0.97,COBS_0233
COBS 5.1.17,COBS 5.2,CITES,rule,0.97,COBS_0243
COBS 5.2.9,COBS 5.2.6,CITES,rule,0.97,COBS_0252
COBS 5.2.9,COBS 5.1.1,CITES,rule,0.97,COBS_0252
COBS 5.2.9,COBS 5.1.12,CITES,rule,0.97,COBS_0252
COBS 6.1.11,COBS 5.1.12,CITES,rule,0.97,COBS_0263
COBS 6.1.17,COBS 6.1A,CITES,rule,0.97,COBS_0269
COBS 6.1.17,COBS 6.1A.1,CITES,rule,0.97,COBS_0269
COBS 6.1.17,COBS 6.1A.1A,CITES,rule,0.97,COBS_0269
COBS 6.1.17,COBS 6.1A.1B,CITES,rule,0.97,COBS_0269
COBS 6.1.17,COBS 6.1A.4AR,CITES,rule,0.97,COBS_0269
COBS 6.1.17,COBS 6.1A.4A,CITES,rule,0.97,COBS_0269
COBS 6.1.17,COBS 6.1A.4BR,CITES,rule,0.97,COBS_0269
COBS 6.1.17,COBS 6.1A.2,CITES,rule,0.97,COBS_0269
COBS 6.1.17,COBS 6.1A.2A,CITES,rule,0.97,COBS_0269
COBS 6.1.17,COBS 6.1A.3,CITES,rule,0.97,COBS_0269
COBS 6.1.17,COBS 6.1A.4,CITES,rule,0.97,COBS_0269
COBS 6.1.17,COBS 6.1A.4B,CITES,rule,0.97,COBS_0269
COBS 6.1.17,COBS 6.1A.4C,CITES,rule,0.97,COBS_0269
COBS 6.1.17,COBS 6.1A.5,CITES,rule,0.97,COBS_0269
COBS 6.1.17,COBS 6.1A.5A,CITES,rule,0.97,COBS_0269
COBS 6.1.17,COBS 6.1A.4R,CITES,rule,0.97,COBS_0269
COBS 6.1.17,COBS 2.3A.15R,CITES,rule,0.97,COBS_0269
COBS 6.1.17,COBS 6.1A.5B,CITES,rule,0.97,COBS_0269
COBS 6.1.17,COBS 2.3A.8R,CITES,rule,0.97,COBS_0269
COBS 6.1.17,COBS 2.3A.19R,CITES,rule,0.97,COBS_0269
COBS 6.1.17,COBS 6.1A.5AR,CITES,rule,0.97,COBS_0269
COBS 6.1.17,COBS 6.1A.6,CITES,rule,0.97,COBS_0269
COBS 6.1.17,COBS 6.1A.6A,CITES,rule,0.97,COBS_0269
COBS 6.1.17,COBS 6.1A.6R,CITES,rule,0.97,COBS_0269
COBS 6.1.17,COBS 6.1A.7,CITES,rule,0.97,COBS_0269
COBS 6.1.17,COBS 6.1B.9R,CITES,rule,0.97,COBS_0269
COBS 6.1.17,COBS 6.1A.8,CITES,rule,0.97,COBS_0269
COBS 6.1.17,COBS 6.1A.9,CITES,rule,0.97,COBS_0269
COBS 6.1.17,COBS 6.1A.10,CITES,rule,0.97,COBS_0269
COBS 6.1.17,COBS 6.1A.10A,CITES,rule,0.97,COBS_0269
COBS 6.1.17,COBS 6.1A.10G,CITES,rule,0.97,COBS_0269
COBS 6.1.17,COBS 6.1A.11,CITES,rule,0.97,COBS_0269
COBS 6.1.17,COBS 6.1A.12,CITES,rule,0.97,COBS_0269
COBS 6.1.17,COBS 6.1A.13,CITES,rule,0.97,COBS_0269
COBS 6.1.17,COBS 6.1A.14,CITES,rule,0.97,COBS_0269
COBS 6.1.17,COBS 6.1A.14A,CITES,rule,0.97,COBS_0269
COBS 6.1.17,COBS 6.1B.7A,CITES,rule,0.97,COBS_0269
COBS 6.1.17,COBS 6.1E.10R,CITES,rule,0.97,COBS_0269
COBS 6.1.17,COBS 6.1A.15,CITES,rule,0.97,COBS_0269
COBS 6.1.17,COBS 6.1A.16,CITES,rule,0.97,COBS_0269
COBS 6.1.17,COBS 19.1A,CITES,rule,0.97,COBS_0269
COBS 6.1.17,COBS 19.1,CITES,rule,0.97,COBS_0269
COBS 6.1.17,COBS 6.1A.17,CITES,rule,0.97,COBS_0269
COBS 6.1.17,COBS 6.1A.18,CITES,rule,0.97,COBS_0269
COBS 6.1.17,COBS 6.1A.18A,CITES,rule,0.97,COBS_0269
COBS 6.1.17,COBS 6.1A.17R,CITES,rule,0.97,COBS_0269
COBS 6.1.17,COBS 19.1B,CITES,rule,0.97,COBS_0269
COBS 6.1.17,COBS 19.1B.9R,CITES,rule,0.97,COBS_0269
COBS 6.1.17,COBS 6.1A.18B,CITES,rule,0.97,COBS_0269
COBS 6.1.17,COBS 6.1A.19,CITES,rule,0.97,COBS_0269
COBS 6.1.17,COBS 2.2.1,CITES,rule,0.97,COBS_0269
COBS 6.1.17,COBS 6.1A.20,CITES,rule,0.97,COBS_0269
COBS 6.1.17,COBS 6.1A.22,CITES,rule,0.97,COBS_0269
COBS 6.1.17,COBS 6.1A.22A,CITES,rule,0.97,COBS_0269
COBS 6.1.17,COBS 6.1A.22R,CITES,rule,0.97,COBS_0269
COBS 6.1.17,COBS 6.1A.22B,CITES,rule,0.97,COBS_0269
COBS 6.1.17,COBS 6.1A.23,CITES,rule,0.97,COBS_0269
COBS 6.1.17,COBS 6.1A.24,CITES,rule,0.97,COBS_0269
COBS 6.1.17,COBS 6.1A.24A,CITES,rule,0.97,COBS_0269
COBS 6.1.17,COBS 6.1A.25,CITES,rule,0.97,COBS_0269
COBS 6.1.17,COBS 6.1A.26,CITES,rule,0.97,COBS_0269
COBS 6.1.17,COBS 6.1A.27,CITES,rule,0.97,COBS_0269
COBS 6.1.17,COBS 6.1B,CITES,rule,0.97,COBS_0269
COBS 6.1.17,COBS 6.1B.1,CITES,rule,0.97,COBS_0269
COBS 6.1.17,COBS 6.1B.9,CITES,rule,0.97,COBS_0269
COBS 6.1.17,COBS 6.1B.10,CITES,rule,0.97,COBS_0269
COBS 6.1.17,COBS 6.1B.11,CITES,rule,0.97,COBS_0269
COBS 6.1.17,COBS 6.1B.1A,CITES,rule,0.97,COBS_0269
COBS 6.1.17,COBS 6.1B.1B,CITES,rule,0.97,COBS_0269
COBS 6.1.17,COBS 6.1B.5AR,CITES,rule,0.97,COBS_0269
COBS 6.1.17,COBS 6.1B.7AR,CITES,rule,0.97,COBS_0269
COBS 6.1.17,COBS 6.1B.2,CITES,rule,0.97,COBS_0269
COBS 6.1.17,COBS 6.1B.2A,CITES,rule,0.97,COBS_0269
COBS 6.1.17,COBS 6.1B.3,CITES,rule,0.97,COBS_0269
COBS 6.1.17,COBS 6.1B.4,CITES,rule,0.97,COBS_0269
COBS 6.1.17,COBS 6.1B.5,CITES,rule,0.97,COBS_0269
COBS 6.1.17,COBS 6.1A.5BG,CITES,rule,0.97,COBS_0269
COBS 6.1.17,COBS 6.1B.5R,CITES,rule,0.97,COBS_0269
COBS 6.1.17,COBS 6.1B.5A,CITES,rule,0.97,COBS_0269
COBS 6.1.17,COBS 6.1B.5B,CITES,rule,0.97,COBS_0269
COBS 6.1.17,COBS 6.1B.7,CITES,rule,0.97,COBS_0269
COBS 6.1.17,COBS 6.1B.7B,CITES,rule,0.97,COBS_0269
COBS 6.1.17,COBS 6.1B.7C,CITES,rule,0.97,COBS_0269
COBS 6.1.17,COBS 6.1B.8,CITES,rule,0.97,COBS_0269
COBS 6.1.17,COBS 6.1B.9A,CITES,rule,0.97,COBS_0269
COBS 6.1.17,COBS 6.1B.9B,CITES,rule,0.97,COBS_0269
COBS 6.1.17,COBS 2.3.12,CITES,rule,0.97,COBS_0269
COBS 6.1.17,COBS 2.3.12A,CITES,rule,0.97,COBS_0269
COBS 6.1.17,COBS 2.3A.27E,CITES,rule,0.97,COBS_0269
COBS 6.1.17,COBS 2.3A.28G,CITES,rule,0.97,COBS_0269
COBS 6.1.17,COBS 6.1C,CITES,rule,0.97,COBS_0269
COBS 6.1.17,COBS 6.1C.1,CITES,rule,0.97,COBS_0269
COBS 6.1.17,COBS 6.1C.2,CITES,rule,0.97,COBS_0269
COBS 6.1.17,COBS 6.1C.3,CITES,rule,0.97,COBS_0269
COBS 6.1.17,COBS 6.1C.4,CITES,rule,0.97,COBS_0269
COBS 6.1.17,COBS 6.1C.5,CITES,rule,0.97,COBS_0269
COBS 6.1.17,COBS 6.1C.5A,CITES,rule,0.97,COBS_0269
COBS 6.1.17,COBS 6.1C.5B,CITES,rule,0.97,COBS_0269
COBS 6.1.17,COBS 6.1C.5C,CITES,rule,0.97,COBS_0269
COBS 6.1.17,COBS 6.1C.5AR,CITES,rule,0.97,COBS_0269
COBS 6.1.17,COBS 19.6.4,CITES,rule,0.97,COBS_0269
COBS 6.1.17,COBS 6.1C.6,CITES,rule,0.97,COBS_0269
COBS 6.1.17,COBS 6.1C.7,CITES,rule,0.97,COBS_0269
COBS 6.1.17,COBS 6.1D.9,CITES,rule,0.97,COBS_0269
COBS 6.1.17,COBS 6.1C.8,CITES,rule,0.97,COBS_0269
COBS 6.1.17,COBS 6.1C.9,CITES,rule,0.97,COBS_0269
COBS 6.1.17,COBS 6.1C.10,CITES,rule,0.97,COBS_0269
COBS 6.1.17,COBS 6.1C.10A,CITES,rule,0.97,COBS_0269
COBS 6.1.17,COBS 6.1C.10G,CITES,rule,0.97,COBS_0269
COBS 6.1.17,COBS 6.1C.11,CITES,rule,0.97,COBS_0269
COBS 6.1.17,COBS 6.1C.12,CITES,rule,0.97,COBS_0269
COBS 6.1.17,COBS 6.1C.13,CITES,rule,0.97,COBS_0269
COBS 6.1.17,COBS 6.1C.14,CITES,rule,0.97,COBS_0269
COBS 6.1.17,COBS 6.1C.15,CITES,rule,0.97,COBS_0269
COBS 6.1.17,COBS 6.1C.16,CITES,rule,0.97,COBS_0269
COBS 6.1.17,COBS 6.1C.17,CITES,rule,0.97,COBS_0269
COBS 6.1.17,COBS 6.1C.18,CITES,rule,0.97,COBS_0269
COBS 6.1.17,COBS 6.1C.19,CITES,rule,0.97,COBS_0269
COBS 6.1.17,COBS 6.1C.18R,CITES,rule,0.97,COBS_0269
COBS 6.1.17,COBS 6.1C.20,CITES,rule,0.97,COBS_0269
COBS 6.1.17,COBS 6.1C.20A,CITES,rule,0.97,COBS_0269
COBS 6.1.17,COBS 6.1C.21,CITES,rule,0.97,COBS_0269
COBS 6.1.17,COBS 6.1D,CITES,rule,0.97,COBS_0269
COBS 6.1.17,COBS 6.1D.1,CITES,rule,0.97,COBS_0269
COBS 6.1.17,COBS 6.1D.2,CITES,rule,0.97,COBS_0269
COBS 6.1.17,COBS 6.1D.3,CITES,rule,0.97,COBS_0269
COBS 6.1.17,COBS 6.1D.4,CITES,rule,0.97,COBS_0269
COBS 6.1.17,COBS 6.1D.6A,CITES,rule,0.97,COBS_0269
COBS 6.1.17,COBS 6.1D.5,CITES,rule,0.97,COBS_0269
COBS 6.1.17,COBS 6.1D.6,CITES,rule,0.97,COBS_0269
COBS 6.1.17,COBS 6.1D.7,CITES,rule,0.97,COBS_0269
COBS 6.1.17,COBS 6.1D.8,CITES,rule,0.97,COBS_0269
COBS 6.1.17,COBS 6.1D.9A,CITES,rule,0.97,COBS_0269
COBS 6.1.17,COBS 6.1D.9B,CITES,rule,0.97,COBS_0269
COBS 6.1.17,COBS 6.1D.10,CITES,rule,0.97,COBS_0269
COBS 6.1.17,COBS 6.1D.11,CITES,rule,0.97,COBS_0269
COBS 6.1.17,COBS 6.1D.12,CITES,rule,0.97,COBS_0269
COBS 6.1.17,COBS 6.1D.11R,CITES,rule,0.97,COBS_0269
COBS 6.1.17,COBS 6.1D.13,CITES,rule,0.97,COBS_0269
COBS 6.1.17,COBS 6.1E,CITES,rule,0.97,COBS_0269
COBS 6.1.17,COBS 6.1E.,CITES,rule,0.97,COBS_0269
COBS 6.1.17,COBS 6.1E.1,CITES,rule,0.97,COBS_0269
COBS 6.1.17,COBS 6.1E.2,CITES,rule,0.97,COBS_0269
COBS 6.1.17,COBS 6.1E.3,CITES,rule,0.97,COBS_0269
COBS 6.1.17,COBS 6.1E.4,CITES,rule,0.97,COBS_0269
COBS 6.1.17,COBS 6.1E.6,CITES,rule,0.97,COBS_0269
COBS 6.1.17,COBS 6.1E.7,CITES,rule,0.97,COBS_0269
COBS 6.1.17,COBS 6.1E.5,CITES,rule,0.97,COBS_0269
COBS 6.1.17,COBS 6.1E.8,CITES,rule,0.97,COBS_0269
COBS 6.1.17,COBS 6.1E.9,CITES,rule,0.97,COBS_0269
COBS 6.1.17,COBS 6.1E.10,CITES,rule,0.97,COBS_0269
COBS 6.1.17,COBS 6.1E.11,CITES,rule,0.97,COBS_0269
COBS 6.1.17,COBS 6.1E.12,CITES,rule,0.97,COBS_0269
COBS 6.1.17,COBS 6.1F,CITES,rule,0.97,COBS_0269
COBS 6.1.17,COBS 6.1F.,CITES,rule,0.97,COBS_0269
COBS 6.1.17,COBS 6.1F.1,CITES,rule,0.97,COBS_0269
COBS 6.1.17,COBS 6.1F.2,CITES,rule,0.97,COBS_0269
COBS 6.1.17,COBS 2.3.1,CITES,rule,0.97,COBS_0269
COBS 6.1.17,COBS 2.3A.5R,CITES,rule,0.97,COBS_0269
COBS 6.1.17,COBS 6.1G,CITES,rule,0.97,COBS_0269
COBS 6.1.17,COBS 6.1G.1,CITES,rule,0.97,COBS_0269
COBS 6.1.17,COBS 6.1G.2,CITES,rule,0.97,COBS_0269
COBS 6.1.17,COBS 6.1H,CITES,rule,0.97,COBS_0269
COBS 6.1.17,COBS 6.1H.1,CITES,rule,0.97,COBS_0269
COBS 6.1.17,COBS 6.1H.2,CITES,rule,0.97,COBS_0269
COBS 6.1.17,COBS 6.1H.3,CITES,rule,0.97,COBS_0269
COBS 6.1.17,COBS 6.1H.4,CITES,rule,0.97,COBS_0269
COBS 6.1.17,COBS 6.1H.3R,CITES,rule,0.97,COBS_0269
COBS 6.1.17,COBS 6.1H.5,CITES,rule,0.97,COBS_0269
COBS 6.1.17,COBS 6.1H.4R,CITES,rule,0.97,COBS_0269
COBS 6.1.17,COBS 6.1H.6,CITES,rule,0.97,COBS_0269
COBS 6.1.17,COBS 6.1ZA,CITES,rule,0.97,COBS_0269
COBS 6.1.17,COBS 2.2A,CITES,rule,0.97,COBS_0269
COBS 6.1.17,COBS 1.4.2G,CITES,rule,0.97,COBS_0269
COBS 6.1.17,COBS 9A.3.2R,CITES,rule,0.97,COBS_0269
COBS 6.1.17,COBS 16A.2.1R,CITES,rule,0.97,COBS_0269
COBS 6.1.17,COBS 6.1.7R,CITES,rule,0.97,COBS_0269
COBS 6.1.17,COBS 2.2A.2R,CITES,rule,0.97,COBS_0269
COBS 6.1.17,COBS 2.3A,CITES,rule,0.97,COBS_0269
COBS 6.1.17,COBS 4.2.1R,CITES,rule,0.97,COBS_0269
COBS 6.1.17,COBS 2.5,CITES,rule,0.97,COBS_0269
COBS 6.1.17,COBS 5.1.12R,CITES,rule,0.97,COBS_0269
COBS 6.1.17,COBS 7.4,CITES,rule,0.97,COBS_0269
COBS 6.1.17,COBS 6.1ZB,CITES,rule,0.97,COBS_0269
COBS 6.1.17,COBS 6.2B,CITES,rule,0.97,COBS_0269
COBS 6.1.17,COBS 6.2B.1,CITES,rule,0.97,COBS_0269
COBS 6.1.17,COBS 6.2B.2,CITES,rule,0.97,COBS_0269
COBS 6.1.17,COBS 6.2B.3,CITES,rule,0.97,COBS_0269
COBS 6.1.17,COBS 6.2B.4,CITES,rule,0.97,COBS_0269
COBS 6.1.17,COBS 6.2B.1R,AMENDS,rule,0.97,COBS_0269
COBS 6.1.17,COBS 6.2B.6R,CITES,rule,0.97,COBS_0269
COBS 6.1.17,COBS 6.2B.9R,CITES,rule,0.97,COBS_0269
COBS 6.1.17,COBS 6.2B.11R,CITES,rule,0.97,COBS_0269
COBS 6.1.17,COBS 6.2B.4A,CITES,rule,0.97,COBS_0269
COBS 6.1.17,COBS 6.2B.5,CITES,rule,0.97,COBS_0269
COBS 6.1.17,COBS 6.2B.6,CITES,rule,0.97,COBS_0269
COBS 6.1.17,COBS 6.2B.7,CITES,rule,0.97,COBS_0269
COBS 6.1.17,COBS 6.2B.15R,CITES,rule,0.97,COBS_0269
COBS 6.1.17,COBS 6.2B.18R,CITES,rule,0.97,COBS_0269
COBS 6.1.17,COBS 6.2B.29R,CITES,rule,0.97,COBS_0269
COBS 6.1.17,COBS 6.2B.32R,CITES,rule,0.97,COBS_0269
COBS 6.1.17,COBS 6.2B.35R,CITES,rule,0.97,COBS_0269
COBS 6.1.17,COBS 6.2B.36R,CITES,rule,0.97,COBS_0269
COBS 6.1.17,COBS 6.2B.8,CITES,rule,0.97,COBS_0269
COBS 6.1.17,COBS 6.2B.9,CITES,rule,0.97,COBS_0269
COBS 6.1.17,COBS 6.2B.11,CITES,rule,0.97,COBS_0269
COBS 6.1.17,COBS 6.2B.12,CITES,rule,0.97,COBS_0269
COBS 6.1.17,COBS 6.1C.20AR,CITES,rule,0.97,COBS_0269
COBS 6.1.17,COBS 6.2B.13,CITES,rule,0.97,COBS_0269
COBS 6.1.17,COBS 6.2B.14,CITES,rule,0.97,COBS_0269
COBS 6.1.17,COBS 6.2B.15,CITES,rule,0.97,COBS_0269
COBS 6.1.17,COBS 6.2B.16,CITES,rule,0.97,COBS_0269
COBS 6.1.17,COBS 6.2B.17,CITES,rule,0.97,COBS_0269
COBS 6.1.17,COBS 6.2B.18,CITES,rule,0.97,COBS_0269
COBS 6.1.17,COBS 6.2B.19,CITES,rule,0.97,COBS_0269
COBS 6.1.17,COBS 6.2B.20,CITES,rule,0.97,COBS_0269
COBS 6.1.17,COBS 6.2B.21,CITES,rule,0.97,COBS_0269
COBS 6.1.17,COBS 6.2B.22,CITES,rule,0.97,COBS_0269
COBS 6.1.17,COBS 6.2B.23,CITES,rule,0.97,COBS_0269
COBS 6.1.17,COBS 6.2B.24,CITES,rule,0.97,COBS_0269
COBS 6.1.17,COBS 6.2B.25,CITES,rule,0.97,COBS_0269
COBS 6.1.17,COBS 6.2B.26,CITES,rule,0.97,COBS_0269
COBS 6.1.17,COBS 6.2B.27,CITES,rule,0.97,COBS_0269
COBS 6.1.17,COBS 6.2B.28,CITES,rule,0.97,COBS_0269
COBS 6.1.17,COBS 6.2B.29,CITES,rule,0.97,COBS_0269
COBS 6.1.17,COBS 6.2B.33R,CITES,rule,0.97,COBS_0269
COBS 6.1.17,COBS 6.2B.30,CITES,rule,0.97,COBS_0269
COBS 6.1.17,COBS 6.2B.31,CITES,rule,0.97,COBS_0269
COBS 6.1.17,COBS 9.6.17,CITES,rule,0.97,COBS_0269
COBS 6.1.17,COBS 6.2B.32,CITES,rule,0.97,COBS_0269
COBS 6.1.17,COBS 6.2B.33,CITES,rule,0.97,COBS_0269
COBS 6.1.17,COBS 6.2B.34,CITES,rule,0.97,COBS_0269
COBS 6.1.17,COBS 6.2B.35,CITES,rule,0.97,COBS_0269
COBS 6.1.17,COBS 6.2B.36,CITES,rule,0.97,COBS_0269
COBS 6.1.17,COBS 6.2B.37,CITES,rule,0.97,COBS_0269
COBS 6.1.17,COBS 6.2B.38,CITES,rule,0.97,COBS_0269
COBS 6.1.17,COBS 6.2B.39,CITES,rule,0.97,COBS_0269
COBS 6.1.17,COBS 6.2B.38R,CITES,rule,0.97,COBS_0269
COBS 6.1.17,COBS 6.2B.40,CITES,rule,0.97,COBS_0269
COBS 6.1.17,COBS 6.2B.40A,CITES,rule,0.97,COBS_0269
COBS 6.1.17,COBS 6.2B.40B,CITES,rule,0.97,COBS_0269
COBS 6.1.17,COBS 6.2B.41,CITES,rule,0.97,COBS_0269
COBS 6.1.17,COBS 6.4,CITES,rule,0.97,COBS_0269
COBS 6.4.3,COBS 2.3.15,CITES,rule,0.97,COBS_0271
COBS 6.4.4D,COBS 6.4.4CG,CITES,rule,0.97,COBS_0276
COBS 6.4.5,COBS 6.4.3,CITES,rule,0.97,COBS_0277
COBS 6.4.6,COBS 6.4.3,CITES,rule,0.97,COBS_0278
COBS 6.4.11,COBS 6.3.7G,CITES,rule,0.97,COBS_0283
COBS 6.4.11,COBS 6.3,CITES,rule,0.97,COBS_0283
COBS 6.4.11,COBS 4.5,CITES,rule,0.97,COBS_0283
COBS 6.4.11,COBS 6.4.6,CITES,rule,0.97,COBS_0283
COBS 6.4.11,COBS 2.3.15,CITES,rule,0.97,COBS_0283
COBS 6.4.11,COBS 6.1ZA,CITES,rule,0.97,COBS_0283
COBS 7.1.1,COBS 7.3,CITES,rule,0.97,COBS_0284
COBS 7.3.1,COBS 7.3.4R,CITES,rule,0.97,COBS_0285
COBS 7.3.6,COBS 2.1.1R,CITES,rule,0.97,COBS_0290
COBS 7.3.6,COBS 6.1ZA,CITES,rule,0.97,COBS_0290
COBS 7.3.6,COBS 7.3.1R,CITES,rule,0.97,COBS_0290
COBS 7.3.6,COBS 7.3.5R,CITES,rule,0.97,COBS_0290
COBS 7.4.4,COBS 7.4.2R,CITES,rule,0.97,COBS_0295
COBS 7.4.4,COBS 7.4.3R,CITES,rule,0.97,COBS_0295
COBS 8.1.1,COBS 8.1.4R,CITES,rule,0.97,COBS_0296
COBS 8.1.1,COBS 8.1.5R,CITES,rule,0.97,COBS_0296
COBS 8.1.3,COBS 6.1.4,CITES,rule,0.97,COBS_0298
COBS 8.1.3,COBS 5.1.12,CITES,rule,0.97,COBS_0298
COBS 8.1.6,COBS 2.2,CITES,rule,0.97,COBS_0301
COBS 9.1.6,COBS 2.1,CITES,rule,0.97,COBS_0307
COBS 9.1.6,COBS 2.6,CITES,rule,0.97,COBS_0307
COBS 9.1.8,COBS 19.1,CITES,rule,0.97,COBS_0308
COBS 9.1.8,COBS 19.1A,CITES,rule,0.97,COBS_0308
COBS 9.1.9,COBS 6.1ZA,CITES,rule,0.97,COBS_0309
COBS 9.1.9,COBS 9.2,CITES,rule,0.97,COBS_0309
COBS 9.2.9,COBS 9.3,CITES,rule,0.97,COBS_0318
COBS 9.3.3A,COBS 9.2.1R,CITES,rule,0.97,COBS_0322
COBS 9.3.5,COBS 4.12B,CITES,rule,0.97,COBS_0324
COBS 9.3.5,COBS 4.12A,CITES,rule,0.97,COBS_0324
COBS 9.3.5,COBS 22.3,CITES,rule,0.97,COBS_0324
COBS 9.3.6,COBS 19.1.6G,CITES,rule,0.97,COBS_0325
COBS 9.3.6,COBS 19.1A.11G,CITES,rule,0.97,COBS_0325
COBS 9.3.6,COBS 9.4,CITES,rule,0.97,COBS_0325
COBS 9.4.6,COBS 7.4,CITES,rule,0.97,COBS_0331
COBS 9.4.8A,COBS 9.2.9R,CITES,rule,0.97,COBS_0334
COBS 9.4.8A,COBS 9.4.7R,CITES,rule,0.97,COBS_0334
COBS 9.4.11,COBS 19.1.6G,CITES,rule,0.97,COBS_0337
COBS 9.4.12,COBS 9.4.11R,CITES,rule,0.97,COBS_0338
COBS 9.4.12,COBS 9.5A,CITES,rule,0.97,COBS_0338
COBS 9.4.12,COBS 9.5,CITES,rule,0.97,COBS_0338
COBS 9.5.3,COBS 9.5A,CITES,rule,0.97,COBS_0341
COBS 9.5.3,COBS 9.5A.1,CITES,rule,0.97,COBS_0341
COBS 9.5.3,COBS 2.1.1R,CITES,rule,0.97,COBS_0341
COBS 9.5.3,COBS 4.2.1R,CITES,rule,0.97,COBS_0341
COBS 9.5.3,COBS 9.5,CITES,rule,0.97,COBS_0341
COBS 9.5.3,COBS 9.5A.2,CITES,rule,0.97,COBS_0341
COBS 9.5.3,COBS 9.5A.3,CITES,rule,0.97,COBS_0341
COBS 9.5.3,COBS 9.5A.4,CITES,rule,0.97,COBS_0341
COBS 9.5.3,COBS 9.5A.5,CITES,rule,0.97,COBS_0341
COBS 9.5.3,COBS 9.5A.6,CITES,rule,0.97,COBS_0341
COBS 9.5.3,COBS 9.5A.4G,CITES,rule,0.97,COBS_0341
COBS 9.5.3,COBS 9.5A.7,CITES,rule,0.97,COBS_0341
COBS 9.5.3,COBS 9.6,CITES,rule,0.97,COBS_0341
COBS 9.6.8,COBS 6.2B.38R,CITES,rule,0.97,COBS_0348
COBS 9.6.15,COBS 9.6.14R,CITES,rule,0.97,COBS_0355
COBS 9.6.18A,COBS 7.3.1R,CITES,rule,0.97,COBS_0359
COBS 9.6.18A,COBS 7.4,CITES,rule,0.97,COBS_0359
COBS 9.6.19,COBS 9.6.14R,CITES,rule,0.97,COBS_0360
COBS 9.6.20,COBS 9.6.5R,CITES,rule,0.97,COBS_0361
COBS 9.6.20,COBS 6.2B.33R,CITES,rule,0.97,COBS_0361
COBS 10.2.9,COBS 10.3,CITES,rule,0.97,COBS_0372
COBS 10.5.1,COBS 10.4.1,CITES,rule,0.97,COBS_0379
COBS 10.5.5,COBS 10.4.1,CITES,rule,0.97,COBS_0382
COBS 10.5.5,COBS 10.6,CITES,rule,0.97,COBS_0382
COBS 10.7.2,COBS 10.2.9G,CITES,rule,0.97,COBS_0385
COBS 10.7.2,COBS 10A.2.11G,CITES,rule,0.97,COBS_0385
COBS 11.1.6,COBS 11.2A,CITES,rule,0.97,COBS_0389
COBS 11.1.7,COBS 11.2,CITES,rule,0.97,COBS_0390
COBS 11.1.7,COBS 11.2B,CITES,rule,0.97,COBS_0390
COBS 11.1.7,COBS 11.2.,CITES,rule,0.97,COBS_0390
COBS 11.1.7,COBS 18.5.2R,CITES,rule,0.97,COBS_0390
COBS 11.1.7,COBS 18.5A.3R,CITES,rule,0.97,COBS_0390
COBS 11.1.7,COBS 18.5.4R,CITES,rule,0.97,COBS_0390
COBS 11.1.7,COBS 18.5A.8R,CITES,rule,0.97,COBS_0390
COBS 11.1.7,COBS 11.2.5G,CITES,rule,0.97,COBS_0390
COBS 11.1.7,COBS 11.2.17G,CITES,rule,0.97,COBS_0390
COBS 11.1.7,COBS 11.2.23AR,CITES,rule,0.97,COBS_0390
COBS 11.1.7,COBS 11.2.24R,CITES,rule,0.97,COBS_0390
COBS 11.1.7,COBS 11.2.25R,CITES,rule,0.97,COBS_0390
COBS 11.1.7,COBS 11.2.26R,CITES,rule,0.97,COBS_0390
COBS 11.1.7,COBS 11.2.27R,CITES,rule,0.97,COBS_0390
COBS 11.1.7,COBS 18.5.3R,CITES,rule,0.97,COBS_0390
COBS 11.1.7,COBS 18.5A.5R,CITES,rule,0.97,COBS_0390
COBS 11.1.7,COBS 18.5.1AR,CITES,rule,0.97,COBS_0390
COBS 11.1.7,COBS 18.5A.9R,CITES,rule,0.97,COBS_0390
COBS 11.2.32,COBS 11.2.7,CITES,rule,0.97,COBS_0422
COBS 11.2.34,COBS 11.2.30,CITES,rule,0.97,COBS_0424
COBS 11.2.34,COBS 11.2.33,CITES,rule,0.97,COBS_0424
COBS 11.2.34,COBS 11.2.1,CITES,rule,0.97,COBS_0424
COBS 11.2.34,COBS 11.2.29,CITES,rule,0.97,COBS_0424
COBS 11.2.34,COBS 11.2A,CITES,rule,0.97,COBS_0424
COBS 11.2.34,COBS 11.2A.1,CITES,rule,0.97,COBS_0424
COBS 11.2.34,COBS 11.2B,CITES,rule,0.97,COBS_0424
COBS 11.2.34,COBS 11.2,CITES,rule,0.97,COBS_0424
COBS 11.2.34,COBS 11.2A.8R,CITES,rule,0.97,COBS_0424
COBS 11.2.34,COBS 11.2A.25R,CITES,rule,0.97,COBS_0424
COBS 11.2.34,COBS 11.2A.34R,CITES,rule,0.97,COBS_0424
COBS 11.2.34,COBS 11.2A.2,CITES,rule,0.97,COBS_0424
COBS 11.2.34,COBS 11.2A.3,CITES,rule,0.97,COBS_0424
COBS 11.2.34,COBS 11.2A.4,CITES,rule,0.97,COBS_0424
COBS 11.2.34,COBS 11.2A.5,CITES,rule,0.97,COBS_0424
COBS 11.2.34,COBS 11.2A.6,CITES,rule,0.97,COBS_0424
COBS 11.2.34,COBS 11.2A.2R,CITES,rule,0.97,COBS_0424
COBS 11.2.34,COBS 11.2A.7,CITES,rule,0.97,COBS_0424
COBS 11.2.34,COBS 11.2A.8,CITES,rule,0.97,COBS_0424
COBS 11.2.34,COBS 11.2A.9,CITES,rule,0.97,COBS_0424
COBS 11.2.34,COBS 11.2A.10,CITES,rule,0.97,COBS_0424
COBS 11.2.34,COBS 11.2A.11,CITES,rule,0.97,COBS_0424
COBS 11.2.34,COBS 11.2A.12,CITES,rule,0.97,COBS_0424
COBS 11.2.34,COBS 11.2A.13,CITES,rule,0.97,COBS_0424
COBS 11.2.34,COBS 11.2A.14,CITES,rule,0.97,COBS_0424
COBS 11.2.34,COBS 11.2A.15,CITES,rule,0.97,COBS_0424
COBS 11.2.34,COBS 11.2A.16,CITES,rule,0.97,COBS_0424
COBS 11.2.34,COBS 11.2A.17,CITES,rule,0.97,COBS_0424
COBS 11.2.34,COBS 11.2A.18,CITES,rule,0.97,COBS_0424
COBS 11.2.34,COBS 11.2A.21R,CITES,rule,0.97,COBS_0424
COBS 11.2.34,COBS 11.2A.19,CITES,rule,0.97,COBS_0424
COBS 11.2.34,COBS 2.3,CITES,rule,0.97,COBS_0424
COBS 11.2.34,COBS 2.3A,CITES,rule,0.97,COBS_0424
COBS 11.2.34,COBS 2.3B,CITES,rule,0.97,COBS_0424
COBS 11.2.34,COBS 2.3C,CITES,rule,0.97,COBS_0424
COBS 11.2.34,COBS 11.2A.20,CITES,rule,0.97,COBS_0424
COBS 11.2.34,COBS 11.2A.21,CITES,rule,0.97,COBS_0424
COBS 11.2.34,COBS 11.2A.22,CITES,rule,0.97,COBS_0424
COBS 11.2.34,COBS 11.2A.23,CITES,rule,0.97,COBS_0424
COBS 11.2.34,COBS 11.2A.24,CITES,rule,0.97,COBS_0424
COBS 11.2.34,COBS 11.2A.25,CITES,rule,0.97,COBS_0424
COBS 11.2.34,COBS 11.2A.26,CITES,rule,0.97,COBS_0424
COBS 11.2.34,COBS 11.2A.20R,CITES,rule,0.97,COBS_0424
COBS 11.2.34,COBS 11.2A.27,CITES,rule,0.97,COBS_0424
COBS 11.2.34,COBS 11.2A.28,CITES,rule,0.97,COBS_0424
COBS 11.2.34,COBS 11.2A.29,CITES,rule,0.97,COBS_0424
COBS 11.2.34,COBS 11.2A.30,CITES,rule,0.97,COBS_0424
COBS 11.2.34,COBS 11.2A.31,CITES,rule,0.97,COBS_0424
COBS 11.2.34,COBS 11.2A.32,CITES,rule,0.97,COBS_0424
COBS 11.2.34,COBS 11.2A.33,CITES,rule,0.97,COBS_0424
COBS 11.2.34,COBS 11.2A.34,CITES,rule,0.97,COBS_0424
COBS 11.2.34,COBS 11.2A.9R,CITES,rule,0.97,COBS_0424
COBS 11.2.34,COBS 11.2A.35,CITES,rule,0.97,COBS_0424
COBS 11.2.34,COBS 11.2A.36,CITES,rule,0.97,COBS_0424
COBS 11.2.34,COBS 11.2A.37,CITES,rule,0.97,COBS_0424
COBS 11.2.34,COBS 11.2B.1,CITES,rule,0.97,COBS_0424
COBS 11.2.34,COBS 18.5B.2R,CITES,rule,0.97,COBS_0424
COBS 11.2.34,COBS 11.2B.2,CITES,rule,0.97,COBS_0424
COBS 11.2.34,COBS 11.2B.3,CITES,rule,0.97,COBS_0424
COBS 11.2.34,COBS 11.2B.4,CITES,rule,0.97,COBS_0424
COBS 11.2.34,COBS 11.2B.5,CITES,rule,0.97,COBS_0424
COBS 11.2.34,COBS 11.2B.6,CITES,rule,0.97,COBS_0424
COBS 11.2.34,COBS 11.2B.7,CITES,rule,0.97,COBS_0424
COBS 11.2.34,COBS 11.2B.8,CITES,rule,0.97,COBS_0424
COBS 11.2.34,COBS 11.2B.9,CITES,rule,0.97,COBS_0424
COBS 11.2.34,COBS 11.2B.8R,CITES,rule,0.97,COBS_0424
COBS 11.2.34,COBS 11.2B.18R,CITES,rule,0.97,COBS_0424
COBS 11.2.34,COBS 11.2B.10,CITES,rule,0.97,COBS_0424
COBS 11.2.34,COBS 11.2B.11,CITES,rule,0.97,COBS_0424
COBS 11.2.34,COBS 11.2B.12,CITES,rule,0.97,COBS_0424
COBS 11.2.34,COBS 11.2B.13,CITES,rule,0.97,COBS_0424
COBS 11.2.34,COBS 11.2B.14,CITES,rule,0.97,COBS_0424
COBS 11.2.34,COBS 11.2B.15,CITES,rule,0.97,COBS_0424
COBS 11.2.34,COBS 11.2B.7R,CITES,rule,0.97,COBS_0424
COBS 11.2.34,COBS 11.2B.16,CITES,rule,0.97,COBS_0424
COBS 11.2.34,COBS 11.2B.17,CITES,rule,0.97,COBS_0424
COBS 11.2.34,COBS 11.2B.5R,CITES,rule,0.97,COBS_0424
COBS 11.2.34,COBS 11.2B.15R,CITES,rule,0.97,COBS_0424
COBS 11.2.34,COBS 11.2B.18,CITES,rule,0.97,COBS_0424
COBS 11.2.34,COBS 11.2B.19,CITES,rule,0.97,COBS_0424
COBS 11.2.34,COBS 11.2B.17R,CITES,rule,0.97,COBS_0424
COBS 11.2.34,COBS 11.2B.20,CITES,rule,0.97,COBS_0424
COBS 11.2.34,COBS 11.2B.21,CITES,rule,0.97,COBS_0424
COBS 11.2.34,COBS 11.2B.22,CITES,rule,0.97,COBS_0424
COBS 11.2.34,COBS 11.2B.23,CITES,rule,0.97,COBS_0424
COBS 11.2.34,COBS 11.2B.24,CITES,rule,0.97,COBS_0424
COBS 11.2.34,COBS 11.2B.25,CITES,rule,0.97,COBS_0424
COBS 11.2.34,COBS 11.2B.26,CITES,rule,0.97,COBS_0424
COBS 11.2.34,COBS 11.2B.27,CITES,rule,0.97,COBS_0424
COBS 11.2.34,COBS 11.2B.28,CITES,rule,0.97,COBS_0424
COBS 11.2.34,COBS 11.2B.29,CITES,rule,0.97,COBS_0424
COBS 11.2.34,COBS 11.2B.28R,CITES,rule,0.97,COBS_0424
COBS 11.2.34,COBS 11.2B.30,CITES,rule,0.97,COBS_0424
COBS 11.2.34,COBS 11.2B.31,CITES,rule,0.97,COBS_0424
COBS 11.2.34,COBS 11.2B.32,CITES,rule,0.97,COBS_0424
COBS 11.2.34,COBS 11.2B.33R,CITES,rule,0.97,COBS_0424
COBS 11.2.34,COBS 11.2B.35R,CITES,rule,0.97,COBS_0424
COBS 11.2.34,COBS 11.2B.33,CITES,rule,0.97,COBS_0424
COBS 11.2.34,COBS 11.2B.34,CITES,rule,0.97,COBS_0424
COBS 11.2.34,COBS 11.2B.31R,CITES,rule,0.97,COBS_0424
COBS 11.2.34,COBS 11.2B.35,CITES,rule,0.97,COBS_0424
COBS 11.2.34,COBS 2.3.1R,CITES,rule,0.97,COBS_0424
COBS 11.2.34,COBS 11.2B.37,CITES,rule,0.97,COBS_0424
COBS 11.2.34,COBS 11.3,CITES,rule,0.97,COBS_0424
COBS 11.3.6,COBS 11.3.5AR,CITES,rule,0.97,COBS_0432
COBS 11.3.10A,COBS 11.3.7AR,CITES,rule,0.97,COBS_0437
COBS 11.3.14,COBS 18.5B.2R,CITES,rule,0.97,COBS_0441
COBS 11.3.14,COBS 11.3,CITES,rule,0.97,COBS_0441
COBS 11.3.14,COBS 11.3.2AR,CITES,rule,0.97,COBS_0441
COBS 11.3.14,COBS 11.3.5AR,AMENDS,rule,0.97,COBS_0441
COBS 11.3.14,COBS 11.3.7AR,AMENDS,rule,0.97,COBS_0441
COBS 11.3.14,COBS 11.3.7BR,AMENDS,rule,0.97,COBS_0441
COBS 11.3.14,COBS 11.3.8AR,AMENDS,rule,0.97,COBS_0441
COBS 11.3.14,COBS 11.3.9AR,CITES,rule,0.97,COBS_0441
COBS 11.3.14,COBS 11.3.10AR,CITES,rule,0.97,COBS_0441
COBS 11.4.3A,COBS 11.4.1R,CITES,rule,0.97,COBS_0445
COBS 11.4.5,COBS 11.4.1R,CITES,rule,0.97,COBS_0447
COBS 11.4.5,COBS 11.5A,CITES,rule,0.97,COBS_0447
COBS 11.4.5,COBS 11.5A.1,CITES,rule,0.97,COBS_0447
COBS 11.4.5,COBS 11.5A.2,CITES,rule,0.97,COBS_0447
COBS 11.4.5,COBS 11.5A.4R,CITES,rule,0.97,COBS_0447
COBS 11.4.5,COBS 11.5A.3,CITES,rule,0.97,COBS_0447
COBS 11.4.5,COBS 11.5A.5R,CITES,rule,0.97,COBS_0447
COBS 11.4.5,COBS 11.5A.4,CITES,rule,0.97,COBS_0447
COBS 11.4.5,COBS 11.5A.2R,CITES,rule,0.97,COBS_0447
COBS 11.4.5,COBS 11.5A.5,CITES,rule,0.97,COBS_0447
COBS 11.4.5,COBS 11.5A.3R,CITES,rule,0.97,COBS_0447
COBS 11.4.5,COBS 11.5,CITES,rule,0.97,COBS_0447
COBS 11.4.5,COBS 11.6,CITES,rule,0.97,COBS_0447
COBS 11.4.5,COBS 11.7,CITES,rule,0.97,COBS_0447
COBS 11.4.5,COBS 11.7.,CITES,rule,0.97,COBS_0447
COBS 11.4.5,COBS 11.7A,CITES,rule,0.97,COBS_0447
COBS 11.7.7,COBS 11.7A,CITES,rule,0.97,COBS_0455
COBS 11.7.7,COBS 11.7A.1,CITES,rule,0.97,COBS_0455
COBS 11.7.7,COBS 11.7A.2,CITES,rule,0.97,COBS_0455
COBS 11.7.7,COBS 11.7A.5R,CITES,rule,0.97,COBS_0455
COBS 11.7.7,COBS 11.7A.3,CITES,rule,0.97,COBS_0455
COBS 11.7.7,COBS 11.7A.5,CITES,rule,0.97,COBS_0455
COBS 11.7.7,COBS 11.3.5AR,CITES,rule,0.97,COBS_0455
COBS 11.7.7,COBS 12.2.21R,CITES,rule,0.97,COBS_0455
COBS 11.7.7,COBS 11.7A.6,CITES,rule,0.97,COBS_0455
COBS 11.7.7,COBS 11.8,CITES,rule,0.97,COBS_0455
COBS 12.2.14,COBS 12.2.19R,CITES,rule,0.97,COBS_0458
COBS 12.2.14,COBS 12.2.21AG,CITES,rule,0.97,COBS_0458
COBS 12.2.14,COBS 12.2.18R,CITES,rule,0.97,COBS_0458
COBS 12.2.14,COBS 12.2.18BG,CITES,rule,0.97,COBS_0458
COBS 12.2.21,COBS 12.2.19R,CITES,rule,0.97,COBS_0465
COBS 12.2.21B,COBS 12.2.21R,CITES,rule,0.97,COBS_0466
COBS 12.2.21B,COBS 2.3A,CITES,rule,0.97,COBS_0466
COBS 12.2.25,COBS 12.4,CITES,rule,0.97,COBS_0470
COBS 12.2.25,COBS 12.4.1A,CITES,rule,0.97,COBS_0470
COBS 12.2.25,COBS 12.4.4A,CITES,rule,0.97,COBS_0470
COBS 13.1.1A,COBS 13.1,CITES,rule,0.97,COBS_0476
COBS 13.1.1A,COBS 13.4,CITES,rule,0.97,COBS_0476
COBS 13.1.1A,COBS 13.5,CITES,rule,0.97,COBS_0476
COBS 13.1.1A,COBS 13.6,CITES,rule,0.97,COBS_0476
COBS 13.1.3,COBS 13.4.1AR,CITES,rule,0.97,COBS_0480
COBS 13.1.3,COBS 13.2,CITES,rule,0.97,COBS_0480
COBS 13.2.4,COBS 13.3,CITES,rule,0.97,COBS_0485
COBS 13.3.2,COBS 13.4,CITES,rule,0.97,COBS_0488
COBS 13.4.1A,COBS 14.2.1R,CITES,rule,0.97,COBS_0490
COBS 13.4.1A,COBS 13.4.7R,CITES,rule,0.97,COBS_0490
COBS 13.4.4,COBS 13.4.1,CITES,rule,0.97,COBS_0493
COBS 13.4.5,COBS 4.5A.14R,CITES,rule,0.97,COBS_0495
COBS 13.4.5,COBS 4.6.7R,CITES,rule,0.97,COBS_0495
COBS 13.4.9,COBS 13.1.3R,CITES,rule,0.97,COBS_0499
COBS 13.4.9,COBS 13.5,CITES,rule,0.97,COBS_0499
COBS 13.5.2B,COBS 4.5A.14R,CITES,rule,0.97,COBS_0504
COBS 13.5.2B,COBS 4.6.7R,CITES,rule,0.97,COBS_0504
COBS 13.5.3,COBS 13.4,CITES,rule,0.97,COBS_0505
COBS 13.5.3,COBS 13.5,CITES,rule,0.97,COBS_0505
COBS 13.5.3,COBS 4.5A.14R,CITES,rule,0.97,COBS_0505
COBS 13.5.3,COBS 4.6.7R,CITES,rule,0.97,COBS_0505
COBS 13.5.4,COBS 4.6.7,CITES,rule,0.97,COBS_0506
COBS 13.5.4,COBS 4.5A.14R,CITES,rule,0.97,COBS_0506
COBS 13.5.4,COBS 13.4,CITES,rule,0.97,COBS_0506
COBS 13.5.4,COBS 13.5,CITES,rule,0.97,COBS_0506
COBS 13.5.4,COBS 13.6,CITES,rule,0.97,COBS_0506
COBS 13.6.2,COBS 13.6.1R,CITES,rule,0.97,COBS_0508
COBS 13.6.2,COBS 13.1.2,CITES,rule,0.97,COBS_0508
COBS 13.6.2,COBS 13.4.1,CITES,rule,0.97,COBS_0508
COBS 13.6.2,COBS 13.5.1,CITES,rule,0.97,COBS_0508
COBS 13.6.2,COBS 13.5.2,CITES,rule,0.97,COBS_0508
COBS 13.6.2,COBS 13.4.2,CITES,rule,0.97,COBS_0508
COBS 13.6.2,COBS 13.4.2R,CITES,rule,0.97,COBS_0508
COBS 14.1.1,COBS 14.2,CITES,rule,0.97,COBS_0509
COBS 14.1.1,COBS 14.2.,CITES,rule,0.97,COBS_0509
COBS 14.1.1,COBS 14.2.1R,CITES,rule,0.97,COBS_0509
COBS 14.2.1,COBS 6.1ZA,CITES,rule,0.97,COBS_0510
COBS 14.2.1,COBS 7.4,CITES,rule,0.97,COBS_0510
COBS 14.2.1,COBS 13.3.1R,CITES,rule,0.97,COBS_0510
COBS 14.2.1,COBS 14.2.1R,CITES,rule,0.97,COBS_0510
COBS 14.2.1,COBS 19.10.17R,CITES,rule,0.97,COBS_0510
COBS 14.2.3,COBS 14.2.1,CITES,rule,0.97,COBS_0516
COBS 14.2.10,COBS 14.2.9AR,CITES,rule,0.97,COBS_0525
COBS 14.2.16,COBS 14.2.1,CITES,rule,0.97,COBS_0530
COBS 14.2.16,COBS 14.2.1A,CITES,rule,0.97,COBS_0530
COBS 14.2.17,COBS 14.2.1,CITES,rule,0.97,COBS_0531
COBS 14.2.17,COBS 14.2.1A,CITES,rule,0.97,COBS_0531
COBS 14.2.18,COBS 4.13.2,CITES,rule,0.97,COBS_0532
COBS 14.2.18,COBS 14.3,CITES,rule,0.97,COBS_0532
COBS 14.3.7A,COBS 4.6,CITES,rule,0.97,COBS_0540
COBS 14.3.7B,COBS 18.12,CITES,rule,0.97,COBS_0541
COBS 14.3.9,COBS 5.1.12,CITES,rule,0.97,COBS_0544
COBS 14.3.11,COBS 2.2.1R,CITES,rule,0.97,COBS_0546
COBS 14.3.11,COBS 6.1.9,CITES,rule,0.97,COBS_0546
COBS 14.3.11A,COBS 2.2.1R,CITES,rule,0.97,COBS_0547
COBS 14.3.11A,COBS 6.1.9R,CITES,rule,0.97,COBS_0547
COBS 14.3.12,COBS 14.3A,CITES,rule,0.97,COBS_0548
COBS 14.3.12,COBS 14.3A.1,CITES,rule,0.97,COBS_0548
COBS 14.3.12,COBS 14.3A.1A,CITES,rule,0.97,COBS_0548
COBS 14.3.12,COBS 1.4.2G,CITES,rule,0.97,COBS_0548
COBS 14.3.12,COBS 14.3A.3,CITES,rule,0.97,COBS_0548
COBS 14.3.12,COBS 14.3A.4,CITES,rule,0.97,COBS_0548
COBS 14.3.12,COBS 14.3A.3R,CITES,rule,0.97,COBS_0548
COBS 14.3.12,COBS 2.2A.2R,CITES,rule,0.97,COBS_0548
COBS 14.3.12,COBS 14.3A.5,CITES,rule,0.97,COBS_0548
COBS 14.3.12,COBS 14.3A.5A,CITES,rule,0.97,COBS_0548
COBS 14.3.12,COBS 14.3A.5B,CITES,rule,0.97,COBS_0548
COBS 14.3.12,COBS 14.3A.5C,CITES,rule,0.97,COBS_0548
COBS 14.3.12,COBS 14.3A.6,CITES,rule,0.97,COBS_0548
COBS 14.3.12,COBS 14.3A.7,CITES,rule,0.97,COBS_0548
COBS 14.3.12,COBS 14.3A.9,CITES,rule,0.97,COBS_0548
COBS 14.3.12,COBS 14.3A.10,CITES,rule,0.97,COBS_0548
COBS 14.3.12,COBS 14.3A.11,CITES,rule,0.97,COBS_0548
COBS 14.3.12,COBS 14.3A.12,CITES,rule,0.97,COBS_0548
COBS 14.3.12,COBS 14.3A.13,CITES,rule,0.97,COBS_0548
COBS 14.3.12,COBS 14.4,CITES,rule,0.97,COBS_0548
COBS 14.3.12,COBS 14.4.1,CITES,rule,0.97,COBS_0548
COBS 14.3.12,COBS 14.4.2,CITES,rule,0.97,COBS_0548
COBS 14.3.12,COBS 14.4.3,CITES,rule,0.97,COBS_0548
COBS 14.3.12,COBS 14.4.4,CITES,rule,0.97,COBS_0548
COBS 14.3.12,COBS 14.4.5,CITES,rule,0.97,COBS_0548
COBS 14.3.12,COBS 14.4.6,CITES,rule,0.97,COBS_0548
COBS 14.3.12,COBS 14.4.7,CITES,rule,0.97,COBS_0548
COBS 14.3.12,COBS 14.4.8,CITES,rule,0.97,COBS_0548
COBS 14.3.12,COBS 14.4.9,CITES,rule,0.97,COBS_0548
COBS 14.4.12,COBS 13.3.1R,CITES,rule,0.97,COBS_0551
COBS 14.4.12,COBS 14.2.1R,CITES,rule,0.97,COBS_0551
COBS 14.4.12,COBS 4.5A.14R,CITES,rule,0.97,COBS_0551
COBS 15.1.2,COBS 15.2,CITES,rule,0.97,COBS_0553
COBS 15.2.5,COBS 5.1.1,CITES,rule,0.97,COBS_0558
COBS 15.2.5,COBS 15.3,CITES,rule,0.97,COBS_0558
COBS 15.3.4,COBS 15.4,CITES,rule,0.97,COBS_0562
COBS 15.5.6,COBS 15.2.1,CITES,rule,0.97,COBS_0574
COBS 16.3.2,COBS 16.3.3,CITES,rule,0.97,COBS_0585
COBS 16.5.1,COBS 16.6,CITES,rule,0.97,COBS_0600
COBS 16.6.1,COBS 16.6.8,CITES,rule,0.97,COBS_0601
COBS 16.6.7A,COBS 16.6,CITES,rule,0.97,COBS_0609
COBS 16.6.7A,COBS 16.6.8R,CITES,rule,0.97,COBS_0609
COBS 16.6.7A,COBS 19.10.10R,CITES,rule,0.97,COBS_0609
COBS 16.6.8,COBS 16.6.8AR,CITES,rule,0.97,COBS_0610
COBS 16.6.8,COBS 16.6.10R,CITES,rule,0.97,COBS_0610
COBS 16.6.8A,COBS 19.10.17R,CITES,rule,0.97,COBS_0611
COBS 16.6.9,COBS 16.6.8R,CITES,rule,0.97,COBS_0613
COBS 16.6.9,COBS 16.6.8AR,CITES,rule,0.97,COBS_0613
COBS 16.6.9,COBS 16.6.10R,CITES,rule,0.97,COBS_0613
COBS 16.6.13,COBS 16.2.1,CITES,rule,0.97,COBS_0617
COBS 16.6.13,COBS 16.2.1R,CITES,rule,0.97,COBS_0617
COBS 16.6.13,COBS 16.3.1,CITES,rule,0.97,COBS_0617
COBS 17.1.5,COBS 8.1.3R,CITES,rule,0.97,COBS_0622
COBS 18.1.6,COBS 18.2,CITES,rule,0.97,COBS_0631
COBS 18.2.1,COBS 6.2B,CITES,rule,0.97,COBS_0632
COBS 18.2.1,COBS 16.2.1,CITES,rule,0.97,COBS_0632
COBS 18.2.3,COBS 18.2.4,CITES,rule,0.97,COBS_0634
COBS 18.2.5,COBS 18.2.6,CITES,rule,0.97,COBS_0636
COBS 18.2.5,COBS 18.2.9,CITES,rule,0.97,COBS_0636
COBS 18.2.5,COBS 11.2,CITES,rule,0.97,COBS_0636
COBS 18.2.9,COBS 6.1.9,CITES,rule,0.97,COBS_0640
COBS 18.2.9,COBS 18.2.8,CITES,rule,0.97,COBS_0640
COBS 18.2.9,COBS 18.3,CITES,rule,0.97,COBS_0640
COBS 18.3.1,COBS 6.2B,CITES,rule,0.97,COBS_0641
COBS 18.3.1,COBS 16.3.7,CITES,rule,0.97,COBS_0641
COBS 18.3.1,COBS 16.2.1,CITES,rule,0.97,COBS_0641
COBS 18.3.3,COBS 4.5,CITES,rule,0.97,COBS_0643
COBS 18.3.3,COBS 4.11,CITES,rule,0.97,COBS_0643
COBS 18.3.3A,COBS 4.5,CITES,rule,0.97,COBS_0644
COBS 18.3.3A,COBS 4.6,CITES,rule,0.97,COBS_0644
COBS 18.3.3A,COBS 4.8,CITES,rule,0.97,COBS_0644
COBS 18.3.3A,COBS 4.11,CITES,rule,0.97,COBS_0644
COBS 18.3.4,COBS 18.4,CITES,rule,0.97,COBS_0645
COBS 18.4.1,COBS 6.2B,CITES,rule,0.97,COBS_0646
COBS 18.4.1,COBS 16A.4.5,CITES,rule,0.97,COBS_0646
COBS 18.4.1,COBS 16.2.1,CITES,rule,0.97,COBS_0646
COBS 18.4.2,COBS 18.5,CITES,rule,0.97,COBS_0647
COBS 18.5.2,COBS 18.5.4R,AMENDS,rule,0.97,COBS_0650
COBS 18.5.2,COBS 18.5.4BR,AMENDS,rule,0.97,COBS_0650
COBS 18.5.2,COBS 18.5.3CR,CITES,rule,0.97,COBS_0650
COBS 18.5.3,COBS 18.5.2,CITES,rule,0.97,COBS_0651
COBS 18.5.3,COBS 11.2,CITES,rule,0.97,COBS_0651
COBS 18.5.4,COBS 11.2,CITES,rule,0.97,COBS_0654
COBS 18.5.6,COBS 18.5.5,CITES,rule,0.97,COBS_0658
COBS 18.5.8,COBS 18.5.4,CITES,rule,0.97,COBS_0661
COBS 18.5.9,COBS 18.5.11,CITES,rule,0.97,COBS_0662
COBS 18.5.10,COBS 18.5.5,CITES,rule,0.97,COBS_0664
COBS 18.5.10,COBS 18.5.13R,CITES,rule,0.97,COBS_0664
COBS 18.5.12,COBS 18.5.15E,CITES,rule,0.97,COBS_0666
COBS 18.5.15,COBS 18.5.12,CITES,rule,0.97,COBS_0669
COBS 18.5.15,COBS 18.5.18,CITES,rule,0.97,COBS_0669
COBS 18.5.17,COBS 18.5.15,CITES,rule,0.97,COBS_0671
COBS 18.5.18,COBS 18.5.15,CITES,rule,0.97,COBS_0672
COBS 18.5.18,COBS 18.5A,CITES,rule,0.97,COBS_0672
COBS 18.5.18,COBS 18.5A.1,CITES,rule,0.97,COBS_0672
COBS 18.5.18,COBS 18.5A.2R,CITES,rule,0.97,COBS_0672
COBS 18.5.18,COBS 18.5A.2,CITES,rule,0.97,COBS_0672
COBS 18.5.18,COBS 18.5A.11R,CITES,rule,0.97,COBS_0672
COBS 18.5.18,COBS 18.5A.3,CITES,rule,0.97,COBS_0672
COBS 18.5.18,COBS 18.5A.8R,AMENDS,rule,0.97,COBS_0672
COBS 18.5.18,COBS 18.5A.2R,AMENDS,rule,0.97,COBS_0672
COBS 18.5.18,COBS 18.5A.7R,CITES,rule,0.97,COBS_0672
COBS 18.5.18,COBS 18.5A.4,CITES,rule,0.97,COBS_0672
COBS 18.5.18,COBS 18.5A.5,CITES,rule,0.97,COBS_0672
COBS 18.5.18,COBS 18.5A.3R,CITES,rule,0.97,COBS_0672
COBS 18.5.18,COBS 18.5A.6,CITES,rule,0.97,COBS_0672
COBS 18.5.18,COBS 18.5A.7,CITES,rule,0.97,COBS_0672
COBS 18.5.18,COBS 18.5A.8,CITES,rule,0.97,COBS_0672
COBS 18.5.18,COBS 11.2,CITES,rule,0.97,COBS_0672
COBS 18.5.18,COBS 11.2.5G,CITES,rule,0.97,COBS_0672
COBS 18.5.18,COBS 11.2.17G,CITES,rule,0.97,COBS_0672
COBS 18.5.18,COBS 11.2.23AR,CITES,rule,0.97,COBS_0672
COBS 18.5.18,COBS 11.2.24R,CITES,rule,0.97,COBS_0672
COBS 18.5.18,COBS 11.2.25R,CITES,rule,0.97,COBS_0672
COBS 18.5.18,COBS 11.2.26R,CITES,rule,0.97,COBS_0672
COBS 18.5.18,COBS 11.2.27R,CITES,rule,0.97,COBS_0672
COBS 18.5.18,COBS 18.5A.9,CITES,rule,0.97,COBS_0672
COBS 18.5.18,COBS 18.5A.10,CITES,rule,0.97,COBS_0672
COBS 18.5.18,COBS 5.1,CITES,rule,0.97,COBS_0672
COBS 18.5.18,COBS 18.5A.11,CITES,rule,0.97,COBS_0672
COBS 18.5.18,COBS 18.5A.12,CITES,rule,0.97,COBS_0672
COBS 18.5.18,COBS 18.5A.13,CITES,rule,0.97,COBS_0672
COBS 18.5.18,COBS 18.5B,CITES,rule,0.97,COBS_0672
COBS 18.5.18,COBS 18.5B.1,CITES,rule,0.97,COBS_0672
COBS 18.5.18,COBS 18.5B.2,CITES,rule,0.97,COBS_0672
COBS 18.5.18,COBS 2.3.1AR,AMENDS,rule,0.97,COBS_0672
COBS 18.5.18,COBS 2.3.2AR,AMENDS,rule,0.97,COBS_0672
COBS 18.5.18,COBS 18.5B.3,CITES,rule,0.97,COBS_0672
COBS 18.5.18,COBS 18.5B.4,CITES,rule,0.97,COBS_0672
COBS 18.5.18,COBS 18.5B.2R,CITES,rule,0.97,COBS_0672
COBS 18.5.18,COBS 11.3,CITES,rule,0.97,COBS_0672
COBS 18.5.18,COBS 18.5B.6,CITES,rule,0.97,COBS_0672
COBS 18.5.18,COBS 18.5B.7,CITES,rule,0.97,COBS_0672
COBS 18.5.18,COBS 18.6,CITES,rule,0.97,COBS_0672
COBS 18.6.5,COBS 18.6A,CITES,rule,0.97,COBS_0677
COBS 18.6.5,COBS 18.6A.1,CITES,rule,0.97,COBS_0677
COBS 18.6.5,COBS 18.6A.2,CITES,rule,0.97,COBS_0677
COBS 18.6.5,COBS 18.6A.3R,CITES,rule,0.97,COBS_0677
COBS 18.6.5,COBS 18.6A.3,CITES,rule,0.97,COBS_0677
COBS 18.6.5,COBS 3.2.1R,AMENDS,rule,0.97,COBS_0677
COBS 18.6.5,COBS 18.6A.3R,AMENDS,rule,0.97,COBS_0677
COBS 18.6.5,COBS 3.6.1R,CITES,rule,0.97,COBS_0677
COBS 18.6.5,COBS 18.6A.4,CITES,rule,0.97,COBS_0677
COBS 18.6.5,COBS 3.2,CITES,rule,0.97,COBS_0677
COBS 18.6.5,COBS 3.6,CITES,rule,0.97,COBS_0677
COBS 18.6.5,COBS 18.6A.5,CITES,rule,0.97,COBS_0677
COBS 18.6.5,COBS 18.6A.6,CITES,rule,0.97,COBS_0677
COBS 18.6.5,COBS 18.6A.7,CITES,rule,0.97,COBS_0677
COBS 18.6.5,COBS 18.6A.5R,CITES,rule,0.97,COBS_0677
COBS 18.6.5,COBS 18.6A.6R,CITES,rule,0.97,COBS_0677
COBS 18.6.5,COBS 18.7,CITES,rule,0.97,COBS_0677
COBS 18.7.1,COBS 2.3.1,CITES,rule,0.97,COBS_0678
COBS 18.7.1,COBS 2.3.2,CITES,rule,0.97,COBS_0678
COBS 18.7.1,COBS 18.8A,CITES,rule,0.97,COBS_0678
COBS 18.7.1,COBS 18.8A.1,CITES,rule,0.97,COBS_0678
COBS 18.7.1,COBS 18.8A.2,CITES,rule,0.97,COBS_0678
COBS 18.7.1,COBS 18.8A.3,CITES,rule,0.97,COBS_0678
COBS 18.7.1,COBS 18.8A.4,CITES,rule,0.97,COBS_0678
COBS 18.7.1,COBS 18.8A.5,CITES,rule,0.97,COBS_0678
COBS 18.7.1,COBS 18.8A.6R,AMENDS,rule,0.97,COBS_0678
COBS 18.7.1,COBS 18.8A.6,CITES,rule,0.97,COBS_0678
COBS 18.7.1,COBS 18.8A.5R,CITES,rule,0.97,COBS_0678
COBS 18.7.1,COBS 18.8A.7,CITES,rule,0.97,COBS_0678
COBS 18.7.1,COBS 18.8A.5R,AMENDS,rule,0.97,COBS_0678
COBS 18.7.1,COBS 18.8A.8R,AMENDS,rule,0.97,COBS_0678
COBS 18.7.1,COBS 18.8A.8,CITES,rule,0.97,COBS_0678
COBS 18.7.1,COBS 2.3.1R,CITES,rule,0.97,COBS_0678
COBS 18.7.1,COBS 18.8A.9,CITES,rule,0.97,COBS_0678
COBS 18.7.1,COBS 2.3B,CITES,rule,0.97,COBS_0678
COBS 18.7.1,COBS 2.3B.1R,CITES,rule,0.97,COBS_0678
COBS 18.7.1,COBS 2.3B.2G,CITES,rule,0.97,COBS_0678
COBS 18.7.1,COBS 2.3A.16R,CITES,rule,0.97,COBS_0678
COBS 18.7.1,COBS 18.8A.7R,CITES,rule,0.97,COBS_0678
COBS 18.7.1,COBS 2.3B.3R,CITES,rule,0.97,COBS_0678
COBS 18.7.1,COBS 2.3A.5R,CITES,rule,0.97,COBS_0678
COBS 18.7.1,COBS 2.3B.22G,CITES,rule,0.97,COBS_0678
COBS 18.7.1,COBS 2.3A.19R,CITES,rule,0.97,COBS_0678
COBS 18.7.1,COBS 2.3A.22G,CITES,rule,0.97,COBS_0678
COBS 18.7.1,COBS 2.3B.4R,CITES,rule,0.97,COBS_0678
COBS 18.7.1,COBS 2.3B.5R,CITES,rule,0.97,COBS_0678
COBS 18.7.1,COBS 18.8A.10,CITES,rule,0.97,COBS_0678
COBS 18.7.1,COBS 18.8A.11R,AMENDS,rule,0.97,COBS_0678
COBS 18.7.1,COBS 18.8A.11,CITES,rule,0.97,COBS_0678
COBS 18.7.1,COBS 9.2.7G,CITES,rule,0.97,COBS_0678
COBS 18.7.1,COBS 18.8A.12,CITES,rule,0.97,COBS_0678
COBS 18.7.1,COBS 9.2.2R,CITES,rule,0.97,COBS_0678
COBS 18.7.1,COBS 18.8A.13,CITES,rule,0.97,COBS_0678
COBS 18.7.1,COBS 11.2A,CITES,rule,0.97,COBS_0678
COBS 18.7.1,COBS 18.8A.15R,AMENDS,rule,0.97,COBS_0678
COBS 18.7.1,COBS 18.8A.15,CITES,rule,0.97,COBS_0678
COBS 18.7.1,COBS 11.2A.19R,CITES,rule,0.97,COBS_0678
COBS 18.7.1,COBS 11.2A.34R,CITES,rule,0.97,COBS_0678
COBS 18.7.1,COBS 18.8A.13R,CITES,rule,0.97,COBS_0678
COBS 18.7.1,COBS 18.8A.16,CITES,rule,0.97,COBS_0678
COBS 18.7.1,COBS 11.3,AMENDS,rule,0.97,COBS_0678
COBS 18.7.1,COBS 18.8A.17,CITES,rule,0.97,COBS_0678
COBS 18.7.1,COBS 11.7,CITES,rule,0.97,COBS_0678
COBS 18.7.1,COBS 11.7.2R,CITES,rule,0.97,COBS_0678
COBS 18.7.1,COBS 18.8A.18,CITES,rule,0.97,COBS_0678
COBS 18.7.1,COBS 16.2,CITES,rule,0.97,COBS_0678
COBS 18.7.1,COBS 16.3,AMENDS,rule,0.97,COBS_0678
COBS 18.7.1,COBS 16.2.6R,AMENDS,rule,0.97,COBS_0678
COBS 18.7.1,COBS 16.2.6R,CITES,rule,0.97,COBS_0678
COBS 18.7.1,COBS 16.2.1R,CITES,rule,0.97,COBS_0678
COBS 18.7.1,COBS 18.8A.18R,CITES,rule,0.97,COBS_0678
COBS 18.7.1,COBS 18.8A.19,CITES,rule,0.97,COBS_0678
COBS 18.7.1,COBS 18.8A.20,CITES,rule,0.97,COBS_0678
COBS 18.7.1,COBS 18.8A.21,CITES,rule,0.97,COBS_0678
COBS 18.7.1,COBS 18.8,CITES,rule,0.97,COBS_0678
COBS 18.7.1,COBS 18.9,CITES,rule,0.97,COBS_0678
COBS 18.9.1,COBS 4.13,CITES,rule,0.97,COBS_0679
COBS 18.9.1,COBS 14.2,CITES,rule,0.97,COBS_0679
COBS 18.9.1,COBS 2.2B,CITES,rule,0.97,COBS_0679
COBS 18.9.2,COBS 18.5.2R,CITES,rule,0.97,COBS_0680
COBS 18.9.2,COBS 18.5A.3R,CITES,rule,0.97,COBS_0680
COBS 18.9.2,COBS 18.5B.2R,CITES,rule,0.97,COBS_0680
COBS 18.9.2,COBS 18.10,CITES,rule,0.97,COBS_0680
COBS 18.11.2,COBS 2.1.1R,CITES,rule,0.97,COBS_0684
COBS 18.11.2,COBS 2.2A,CITES,rule,0.97,COBS_0684
COBS 18.11.2,COBS 2.3A,CITES,rule,0.97,COBS_0684
COBS 18.11.2,COBS 6.1ZA,CITES,rule,0.97,COBS_0684
COBS 18.11.2,COBS 14.2,CITES,rule,0.97,COBS_0684
COBS 18.11.2,COBS 16A.2,CITES,rule,0.97,COBS_0684
COBS 18.11.2,COBS 8.1.3,CITES,rule,0.97,COBS_0684
COBS 18.11.2,COBS 5.2,CITES,rule,0.97,COBS_0684
COBS 18.12.10,COBS 18.12.5R,CITES,rule,0.97,COBS_0697
COBS 18.12.15,COBS 18.12.14R,CITES,rule,0.97,COBS_0702
COBS 18.12.15,COBS 18.12.12R,CITES,rule,0.97,COBS_0702
COBS 18.12.18,COBS 18.12.11R,CITES,rule,0.97,COBS_0705
COBS 18.12.23,COBS 4.6,CITES,rule,0.97,COBS_0710
COBS 18.12.29,COBS 18.12.24R,CITES,rule,0.97,COBS_0716
COBS 18.12.29,COBS 18.12.26R,CITES,rule,0.97,COBS_0716
COBS 18.12.30,COBS 18.12.24R,CITES,rule,0.97,COBS_0717
COBS 18.12.35,COBS 18.12.33R,CITES,rule,0.97,COBS_0722
COBS 18.12.40,COBS 18.12.39R,CITES,rule,0.97,COBS_0727
COBS 18.12.40,COBS 18.5.2R,CITES,rule,0.97,COBS_0727
COBS 18.12.40,COBS 18.5A.3R,CITES,rule,0.97,COBS_0727
COBS 18.12.40,COBS 18.5B.2R,CITES,rule,0.97,COBS_0727
COBS 18.12.40,COBS 18.5.3CR,CITES,rule,0.97,COBS_0727
COBS 18.12.40,COBS 18.5A.7R,CITES,rule,0.97,COBS_0727
COBS 18.12.40,COBS 2.3B,CITES,rule,0.97,COBS_0727
COBS 18.12.40,COBS 2.3B,AMENDS,rule,0.97,COBS_0727
COBS 18.12.40,COBS 18.5.11R,CITES,rule,0.97,COBS_0727
COBS 18.12.40,COBS 2.3B.1R,CITES,rule,0.97,COBS_0727
COBS 18.12.40,COBS 2.3B.2G,CITES,rule,0.97,COBS_0727
COBS 18.12.40,COBS 2.3B.3R,CITES,rule,0.97,COBS_0727
COBS 18.12.40,COBS 2.3A.5R,CITES,rule,0.97,COBS_0727
COBS 18.12.40,COBS 2.3A.15R,CITES,rule,0.97,COBS_0727
COBS 18.12.40,COBS 2.3A.16R,CITES,rule,0.97,COBS_0727
COBS 18.12.40,COBS 2.3B.25R,AMENDS,rule,0.97,COBS_0727
COBS 18.12.40,COBS 2.3B.33G,AMENDS,rule,0.97,COBS_0727
COBS 18.12.40,COBS 2.3B.4R,CITES,rule,0.97,COBS_0727
COBS 18.12.40,COBS 2.3B.11R,CITES,rule,0.97,COBS_0727
COBS 18.12.40,COBS 2.3B.12R,CITES,rule,0.97,COBS_0727
COBS 18.12.40,COBS 2.3B.22G,CITES,rule,0.97,COBS_0727
COBS 18.12.40,COBS 2.3A.19R,CITES,rule,0.97,COBS_0727
COBS 18.12.40,COBS 2.3A.22G,CITES,rule,0.97,COBS_0727
COBS 18.12.40,COBS 2.3B.24G,CITES,rule,0.97,COBS_0727
COBS 18.12.40,COBS 11.2A,CITES,rule,0.97,COBS_0727
COBS 18.12.40,COBS 11.2,CITES,rule,0.97,COBS_0727
COBS 18.12.40,COBS 11.2B,CITES,rule,0.97,COBS_0727
COBS 18.12.40,COBS 2.3B.8R,CITES,rule,0.97,COBS_0727
COBS 18.12.40,COBS 18.5.3R,CITES,rule,0.97,COBS_0727
COBS 18.12.40,COBS 18.5A.5R,CITES,rule,0.97,COBS_0727
COBS 18.12.40,COBS 18.5B.4R,CITES,rule,0.97,COBS_0727
COBS 18.12.40,COBS 2.3B.5R,CITES,rule,0.97,COBS_0727
COBS 18.12.40,COBS 2.3B.6G,CITES,rule,0.97,COBS_0727
COBS 18.12.40,COBS 2.3B.9G,CITES,rule,0.97,COBS_0727
COBS 18.12.40,COBS 2.3B.20R,CITES,rule,0.97,COBS_0727
COBS 18.12.40,COBS 2.3B.31R,CITES,rule,0.97,COBS_0727
COBS 18.12.40,COBS 18.5.5R,CITES,rule,0.97,COBS_0727
COBS 18.12.40,COBS 2.3B.25R,CITES,rule,0.97,COBS_0727
COBS 18.12.40,COBS 2.3B.33G,CITES,rule,0.97,COBS_0727
COBS 18.12.40,COBS 2.3B.26R,AMENDS,rule,0.97,COBS_0727
COBS 18.12.40,COBS 2.3B.26R,CITES,rule,0.97,COBS_0727
COBS 18.12.40,COBS 2.3B.27G,CITES,rule,0.97,COBS_0727
COBS 18.12.40,COBS 2.3B.28R,CITES,rule,0.97,COBS_0727
COBS 18.12.40,COBS 2.3B.29R,CITES,rule,0.97,COBS_0727
COBS 18.12.40,COBS 11.2A.2R,CITES,rule,0.97,COBS_0727
COBS 18.12.40,COBS 11.2.1R,CITES,rule,0.97,COBS_0727
COBS 18.12.40,COBS 11.2B.5R,CITES,rule,0.97,COBS_0727
COBS 18.12.40,COBS 2.3B.30R,AMENDS,rule,0.97,COBS_0727
COBS 18.12.40,COBS 2.3B.30R,CITES,rule,0.97,COBS_0727
COBS 19.1.1B,COBS 9.2.1R,CITES,rule,0.97,COBS_0729
COBS 19.1.1B,COBS 19.1.6G,CITES,rule,0.97,COBS_0729
COBS 19.1.2C,COBS 19.1.1,CITES,rule,0.97,COBS_0733
COBS 19.1.2C,COBS 19.1.2BR,CITES,rule,0.97,COBS_0733
COBS 19.1.6,COBS 9.2.1R,CITES,rule,0.97,COBS_0738
COBS 19.1.6A,COBS 9.2.1R,CITES,rule,0.97,COBS_0739
COBS 19.1.6A,COBS 9.2.2R,CITES,rule,0.97,COBS_0739
COBS 19.1.6A,COBS 19.1.6R,CITES,rule,0.97,COBS_0739
COBS 19.1.7C,COBS 19.1,CITES,rule,0.97,COBS_0740
COBS 19.1.7D,COBS 19.1.7CR,CITES,rule,0.97,COBS_0741
COBS 19.1.7E,COBS 19.1,CITES,rule,0.97,COBS_0742
COBS 19.1.8,COBS 9.4.2AR,CITES,rule,0.97,COBS_0743
COBS 19.1.9A,COBS 19.1.1CR,CITES,rule,0.97,COBS_0745
COBS 19.1.11,COBS 19.1A,CITES,rule,0.97,COBS_0747
COBS 19.1.11,COBS 19.1A.1,CITES,rule,0.97,COBS_0747
COBS 19.1.11,COBS 19.1A.2,CITES,rule,0.97,COBS_0747
COBS 19.1.11,COBS 19.1A.3,CITES,rule,0.97,COBS_0747
COBS 19.1.11,COBS 19.1A.4,CITES,rule,0.97,COBS_0747
COBS 19.1.11,COBS 19.1A.5,CITES,rule,0.97,COBS_0747
COBS 19.1.11,COBS 19.1A.6,CITES,rule,0.97,COBS_0747
COBS 19.1.11,COBS 19.1A.7,CITES,rule,0.97,COBS_0747
COBS 19.1.11,COBS 19.1A.8,CITES,rule,0.97,COBS_0747
COBS 19.1.11,COBS 19.1.1BG,CITES,rule,0.97,COBS_0747
COBS 19.1.11,COBS 19.1A.9,CITES,rule,0.97,COBS_0747
COBS 19.1.11,COBS 9.4.2AR,CITES,rule,0.97,COBS_0747
COBS 19.1.11,COBS 9.4,CITES,rule,0.97,COBS_0747
COBS 19.1.11,COBS 19.1A.10,CITES,rule,0.97,COBS_0747
COBS 19.1.11,COBS 19.1A.11,CITES,rule,0.97,COBS_0747
COBS 19.1.11,COBS 9.2.1R,CITES,rule,0.97,COBS_0747
COBS 19.1.11,COBS 19.1A.12,CITES,rule,0.97,COBS_0747
COBS 19.1.11,COBS 19.1B,CITES,rule,0.97,COBS_0747
COBS 19.1.11,COBS 19.1B.1,CITES,rule,0.97,COBS_0747
COBS 19.1.11,COBS 19.1B.2,CITES,rule,0.97,COBS_0747
COBS 19.1.11,COBS 19.1B.3,CITES,rule,0.97,COBS_0747
COBS 19.1.11,COBS 19.1B.9,CITES,rule,0.97,COBS_0747
COBS 19.1.11,COBS 19.1B.4,CITES,rule,0.97,COBS_0747
COBS 19.1.11,COBS 19.1B.3R,CITES,rule,0.97,COBS_0747
COBS 19.1.11,COBS 19.1B.5,CITES,rule,0.97,COBS_0747
COBS 19.1.11,COBS 19.1B.6,CITES,rule,0.97,COBS_0747
COBS 19.1.11,COBS 19.1B.7,CITES,rule,0.97,COBS_0747
COBS 19.1.11,COBS 19.1B.5R,CITES,rule,0.97,COBS_0747
COBS 19.1.11,COBS 19.1B.8,CITES,rule,0.97,COBS_0747
COBS 19.1.11,COBS 19.1B.9R,CITES,rule,0.97,COBS_0747
COBS 19.1.11,COBS 19.1A.12G,CITES,rule,0.97,COBS_0747
COBS 19.1.11,COBS 19.1B.10,CITES,rule,0.97,COBS_0747
COBS 19.1.11,COBS 19.1B.11,CITES,rule,0.97,COBS_0747
COBS 19.1.11,COBS 19.1B.12,CITES,rule,0.97,COBS_0747
COBS 19.1.11,COBS 19.1B.13,CITES,rule,0.97,COBS_0747
COBS 19.1.11,COBS 19.1B.14,CITES,rule,0.97,COBS_0747
COBS 19.1.11,COBS 19.1B.15,CITES,rule,0.97,COBS_0747
COBS 19.1.11,COBS 19.1B.16,CITES,rule,0.97,COBS_0747
COBS 19.1.11,COBS 19.1B.15E,CITES,rule,0.97,COBS_0747
COBS 19.1.11,COBS 19.1B.17,CITES,rule,0.97,COBS_0747
COBS 19.1.11,COBS 19.2,CITES,rule,0.97,COBS_0747
COBS 19.2.5,COBS 19.3,CITES,rule,0.97,COBS_0752
COBS 19.3.1,COBS 19.4,CITES,rule,0.97,COBS_0753
COBS 19.4.1,COBS 19.4.6AR,CITES,rule,0.97,COBS_0754
COBS 19.4.1,COBS 19.4.9R,CITES,rule,0.97,COBS_0754
COBS 19.4.1,COBS 19.4.8ER,CITES,rule,0.97,COBS_0754
COBS 19.4.1,COBS 19.4.16R,CITES,rule,0.97,COBS_0754
COBS 19.4.1,COBS 19.4.6CR,CITES,rule,0.97,COBS_0754
COBS 19.4.5A,COBS 19.4.5AR,CITES,rule,0.97,COBS_0758
COBS 19.4.6A,COBS 19.4.5AR,CITES,rule,0.97,COBS_0759
COBS 19.4.7,COBS 19.4.6AR,CITES,rule,0.97,COBS_0762
COBS 19.4.8D,COBS 19.7.12G,CITES,rule,0.97,COBS_0767
COBS 19.4.11,COBS 14.2.1R,CITES,rule,0.97,COBS_0776
COBS 19.4.13,COBS 19.4.12R,CITES,rule,0.97,COBS_0778
COBS 19.4.15,COBS 19.4.6AR,CITES,rule,0.97,COBS_0780
COBS 19.4.16,COBS 19.4.5AR,CITES,rule,0.97,COBS_0781
COBS 19.4.16,COBS 19.4.9R,CITES,rule,0.97,COBS_0781
COBS 19.5.1A,COBS 19.5.5R,CITES,rule,0.97,COBS_0786
COBS 19.5.2,COBS 19.5.3R,CITES,rule,0.97,COBS_0788
COBS 19.5.3,COBS 19.5.9R,CITES,rule,0.97,COBS_0789
COBS 19.5.3,COBS 19.5.10,CITES,rule,0.97,COBS_0789
COBS 19.5.3,COBS 19.5.11,CITES,rule,0.97,COBS_0789
COBS 19.5.3,COBS 19.5.12,CITES,rule,0.97,COBS_0789
COBS 19.5.5,COBS 19.5.12,CITES,rule,0.97,COBS_0791
COBS 19.5.5,COBS 19.5.16R,CITES,rule,0.97,COBS_0791
COBS 19.5.5,COBS 19.5.13R,CITES,rule,0.97,COBS_0791
COBS 19.5.5,COBS 19.5.17R,CITES,rule,0.97,COBS_0791
COBS 19.5.5A,COBS 19.5.5R,CITES,rule,0.97,COBS_0792
COBS 19.5.5A,COBS 19.6.6R,CITES,rule,0.97,COBS_0792
COBS 19.5.6,COBS 19.5.5R,CITES,rule,0.97,COBS_0793
COBS 19.5.7,COBS 19.5.5R,CITES,rule,0.97,COBS_0794
COBS 19.5.7,COBS 19.5.6G,CITES,rule,0.97,COBS_0794
COBS 19.5.8,COBS 19.5.5,CITES,rule,0.97,COBS_0795
COBS 19.5.9,COBS 19.5.5,CITES,rule,0.97,COBS_0796
COBS 19.5.10,COBS 19.5.9R,CITES,rule,0.97,COBS_0797
COBS 19.5.13,COBS 19.5.5R,CITES,rule,0.97,COBS_0800
COBS 19.5.15,COBS 19.5.13R,CITES,rule,0.97,COBS_0802
COBS 19.5.16,COBS 19.5.5R,CITES,rule,0.97,COBS_0803
COBS 19.5.16,COBS 19.5.13R,CITES,rule,0.97,COBS_0803
COBS 19.5.17,COBS 19.5.5R,CITES,rule,0.97,COBS_0804
COBS 19.5.17,COBS 19.5.13R,CITES,rule,0.97,COBS_0804
COBS 19.5.18,COBS 19.5.19,CITES,rule,0.97,COBS_0805
COBS 19.5.20,COBS 19.5.5R,CITES,rule,0.97,COBS_0806
COBS 19.5.20,COBS 19.6,CITES,rule,0.97,COBS_0806
COBS 19.6.2,COBS 19.6.4,CITES,rule,0.97,COBS_0808
COBS 19.6.4,COBS 19.6.6,CITES,rule,0.97,COBS_0810
COBS 19.6.5,COBS 19.6.4R,CITES,rule,0.97,COBS_0811
COBS 19.6.6,COBS 19.6.7,CITES,rule,0.97,COBS_0812
COBS 19.6.7,COBS 19.6.6,CITES,rule,0.97,COBS_0813
COBS 19.6.8,COBS 19.6.6,CITES,rule,0.97,COBS_0814
COBS 19.6.8,COBS 19.6.4R,CITES,rule,0.97,COBS_0814
COBS 19.6.12,COBS 19.6.11,CITES,rule,0.97,COBS_0817
COBS 19.6.12,COBS 19.6A,CITES,rule,0.97,COBS_0817
COBS 19.6.12,COBS 19.6A.1,CITES,rule,0.97,COBS_0817
COBS 19.6.12,COBS 19.6A.2,CITES,rule,0.97,COBS_0817
COBS 19.6.12,COBS 19.6A.3,CITES,rule,0.97,COBS_0817
COBS 19.6.12,COBS 19.6A.4,CITES,rule,0.97,COBS_0817
COBS 19.6.12,COBS 19.6A.5,CITES,rule,0.97,COBS_0817
COBS 19.6.12,COBS 19.7,CITES,rule,0.97,COBS_0817
COBS 19.7.4,COBS 19.4.16R,CITES,rule,0.97,COBS_0821
COBS 19.7.7AA,COBS 19.7.7R,CITES,rule,0.97,COBS_0826
COBS 19.7.7B,COBS 19.7.7R,CITES,rule,0.97,COBS_0827
COBS 19.7.8B,COBS 19.7.8AR,CITES,rule,0.97,COBS_0829
COBS 19.7.8C,COBS 19.7.8AR,CITES,rule,0.97,COBS_0830
COBS 19.7.8D,COBS 19.7.8AR,CITES,rule,0.97,COBS_0831
COBS 19.7.8E,COBS 19.7.8DR,CITES,rule,0.97,COBS_0832
COBS 19.7.13,COBS 19.7.9AR,CITES,rule,0.97,COBS_0840
COBS 19.7.20,COBS 19.7.19R,CITES,rule,0.97,COBS_0847
COBS 19.7.20,COBS 19.8,CITES,rule,0.97,COBS_0847
COBS 19.8.3,COBS 19.5.7R,CITES,rule,0.97,COBS_0850
COBS 19.8.3,COBS 19.5.5R,CITES,rule,0.97,COBS_0850
COBS 19.8.5,COBS 19.8.4R,CITES,rule,0.97,COBS_0852
COBS 19.8.6,COBS 19.6,CITES,rule,0.97,COBS_0853
COBS 19.8.7,COBS 19.8.4R,CITES,rule,0.97,COBS_0854
COBS 19.8.7,COBS 19.8.5R,CITES,rule,0.97,COBS_0854
COBS 19.8.20,COBS 19.8.21R,CITES,rule,0.97,COBS_0869
COBS 19.8.21,COBS 19.8.22R,CITES,rule,0.97,COBS_0870
COBS 19.9.4,COBS 19.9.4R,CITES,rule,0.97,COBS_0876
COBS 19.9.4,COBS 19.9.7R,CITES,rule,0.97,COBS_0876
COBS 19.9.6,COBS 19.9.4R,CITES,rule,0.97,COBS_0878
COBS 19.9.6,COBS 19.9.7R,CITES,rule,0.97,COBS_0878
COBS 19.9.6A,COBS 19.9.9R,CITES,rule,0.97,COBS_0879
COBS 19.9.6B,COBS 19.9.6AR,CITES,rule,0.97,COBS_0880
COBS 19.9.6C,COBS 19.9.6AR,CITES,rule,0.97,COBS_0881
COBS 19.9.7A,COBS 19.9.7R,CITES,rule,0.97,COBS_0883
COBS 19.9.8,COBS 19.9.4R,CITES,rule,0.97,COBS_0884
COBS 19.9.8,COBS 19.9.7R,CITES,rule,0.97,COBS_0884
COBS 19.9.12,COBS 19.9.4R,CITES,rule,0.97,COBS_0888
COBS 19.9.12,COBS 19.4.4R,CITES,rule,0.97,COBS_0888
COBS 19.9.13,COBS 19.9.12R,CITES,rule,0.97,COBS_0889
COBS 19.9.15,COBS 19.9.4R,CITES,rule,0.97,COBS_0891
COBS 19.9.15,COBS 19.9.7R,CITES,rule,0.97,COBS_0891
COBS 19.9.15,COBS 19.9.6AR,CITES,rule,0.97,COBS_0891
COBS 19.9.16,COBS 19.10,CITES,rule,0.97,COBS_0892
COBS 19.10.1,COBS 19.10,CITES,rule,0.97,COBS_0893
COBS 19.10.1,COBS 19.10.38R,CITES,rule,0.97,COBS_0893
COBS 19.10.1,COBS 19.10.10R,CITES,rule,0.97,COBS_0893
COBS 19.10.8,COBS 19.10.10R,CITES,rule,0.97,COBS_0900
COBS 19.10.9,COBS 19.10.8R,CITES,rule,0.97,COBS_0901
COBS 19.10.10,COBS 19.10.1R,CITES,rule,0.97,COBS_0902
COBS 19.10.10,COBS 19.10.8R,CITES,rule,0.97,COBS_0902
COBS 19.10.11,COBS 19.10.10R,CITES,rule,0.97,COBS_0903
COBS 19.10.12,COBS 19.10.10R,CITES,rule,0.97,COBS_0904
COBS 19.10.13,COBS 19.10.10R,CITES,rule,0.97,COBS_0905
COBS 19.10.13,COBS 19.10.8R,CITES,rule,0.97,COBS_0905
COBS 19.10.20,COBS 19.10.30R,CITES,rule,0.97,COBS_0912
COBS 19.10.22,COBS 19.10.30R,CITES,rule,0.97,COBS_0914
COBS 19.10.24,COBS 19.10.1R,CITES,rule,0.97,COBS_0916
COBS 19.10.28,COBS 19.10.17R,CITES,rule,0.97,COBS_0920
COBS 19.10.30,COBS 19.10.8R,CITES,rule,0.97,COBS_0922
COBS 19.10.30,COBS 19.10.32R,CITES,rule,0.97,COBS_0922
COBS 19.10.32,COBS 19.10.30R,CITES,rule,0.97,COBS_0924
COBS 19.10.39,COBS 19.4,CITES,rule,0.97,COBS_0931
COBS 19.10.42,COBS 19.10.43R,CITES,rule,0.97,COBS_0934
COBS 19.10.44,COBS 19.4,CITES,rule,0.97,COBS_0936
COBS 19.10.47,COBS 19.10.10R,CITES,rule,0.97,COBS_0939
COBS 19.10.47,COBS 19.10.30R,CITES,rule,0.97,COBS_0939
COBS 19.10.47,COBS 19.10.34R,CITES,rule,0.97,COBS_0939
COBS 19.10.47,COBS 19.10.43R,CITES,rule,0.97,COBS_0939
COBS 19.11.16,COBS 19.11.15R,CITES,rule,0.97,COBS_0956
COBS 19.11.19,COBS 19.11.18R,CITES,rule,0.97,COBS_0959
COBS 19.11.20,COBS 19.11.18R,CITES,rule,0.97,COBS_0960
COBS 19.11.21,COBS 19.11.18R,CITES,rule,0.97,COBS_0961
COBS 19.11.22,COBS 19.11.15R,CITES,rule,0.97,COBS_0962
COBS 19.11.28,COBS 19.11.15R,CITES,rule,0.97,COBS_0968
COBS 19.11.28,COBS 19.11.29R,CITES,rule,0.97,COBS_0968
COBS 19.11.28,COBS 19.11.30R,CITES,rule,0.97,COBS_0968
COBS 19.11.30,COBS 19.11.23R,CITES,rule,0.97,COBS_0970
COBS 19.11.30,COBS 19.11.29R,CITES,rule,0.97,COBS_0970
COBS 19.11.30,COBS 19.11.32R,CITES,rule,0.97,COBS_0970
COBS 19.11.30,COBS 19.11.33R,CITES,rule,0.97,COBS_0970
COBS 19.11.36,COBS 19.11.35R,CITES,rule,0.97,COBS_0976
COBS 19.11.36,COBS 19.11.5R,CITES,rule,0.97,COBS_0976
COBS 19.12.1,COBS 19.12,CITES,rule,0.97,COBS_0979
COBS 19.12.1,COBS 19.12.31R,CITES,rule,0.97,COBS_0979
COBS 19.12.2,COBS 19.12.10R,CITES,rule,0.97,COBS_0980
COBS 19.12.2,COBS 19.12.22G,CITES,rule,0.97,COBS_0980
COBS 19.12.3,COBS 19.12.2R,CITES,rule,0.97,COBS_0981
COBS 19.12.3,COBS 19.12.10R,CITES,rule,0.97,COBS_0981
COBS 19.12.3,COBS 19.12.22G,CITES,rule,0.97,COBS_0981
COBS 19.12.3,COBS 19.12.5R,CITES,rule,0.97,COBS_0981
COBS 19.12.4,COBS 19.12.10R,CITES,rule,0.97,COBS_0982
COBS 19.12.4,COBS 19.12.22G,CITES,rule,0.97,COBS_0982
COBS 19.12.5,COBS 19.12.10R,CITES,rule,0.97,COBS_0983
COBS 19.12.5,COBS 19.12.22G,CITES,rule,0.97,COBS_0983
COBS 19.12.6,COBS 19.12.5R,CITES,rule,0.97,COBS_0984
COBS 19.12.9,COBS 19.12,CITES,rule,0.97,COBS_0987
COBS 19.12.14,COBS 19.12.13R,CITES,rule,0.97,COBS_0992
COBS 19.12.17,COBS 19.12.13R,CITES,rule,0.97,COBS_0995
COBS 19.12.17,COBS 19.12.15R,CITES,rule,0.97,COBS_0995
COBS 19.12.18,COBS 19.12.13R,CITES,rule,0.97,COBS_0996
COBS 19.12.18,COBS 19.12.15R,CITES,rule,0.97,COBS_0996
COBS 19.12.24,COBS 19.12.23R,CITES,rule,0.97,COBS_1002
COBS 19.12.26,COBS 19.12.25R,CITES,rule,0.97,COBS_1004
COBS 19.12.26,COBS 19.12.23R,CITES,rule,0.97,COBS_1004
COBS 19.12.31,COBS 19.12.25R,CITES,rule,0.97,COBS_1009
COBS 19.12.34,COBS 19.12,CITES,rule,0.97,COBS_1012
COBS 19.12.34,COBS 19.12.5R,CITES,rule,0.97,COBS_1012
COBS 19.12.35,COBS 19.12.10R,CITES,rule,0.97,COBS_1013
COBS 19.12.35,COBS 19.12.22G,CITES,rule,0.97,COBS_1013
COBS 19.12.35,COBS 19.12.23R,CITES,rule,0.97,COBS_1013
COBS 19.12.35,COBS 19.12.33G,CITES,rule,0.97,COBS_1013
COBS 19.12.35,COBS 19.7.,CITES,rule,0.97,COBS_1013
COBS 19.12.35,COBS 19.4,CITES,rule,0.97,COBS_1013
COBS 19.12.35,COBS 19.4.1R,CITES,rule,0.97,COBS_1013
COBS 19.12.35,COBS 19.4.6AR,CITES,rule,0.97,COBS_1013
COBS 19.12.35,COBS 19.4.8R,CITES,rule,0.97,COBS_1013
COBS 19.12.35,COBS 19.4.10R,CITES,rule,0.97,COBS_1013
COBS 19.12.35,COBS 19.4.5AR,CITES,rule,0.97,COBS_1013
COBS 19.12.35,COBS 19.4.6R,CITES,rule,0.97,COBS_1013
COBS 19.12.35,COBS 14.2.1R,CITES,rule,0.97,COBS_1013
COBS 19.12.35,COBS 19.4.16R,CITES,rule,0.97,COBS_1013
COBS 19.12.35,COBS 19.4.15G,CITES,rule,0.97,COBS_1013
COBS 19.12.35,COBS 19.7.7R,CITES,rule,0.97,COBS_1013
COBS 19.12.35,COBS 19.9.7R,CITES,rule,0.97,COBS_1013
COBS 19.12.35,COBS 19.9.15R,CITES,rule,0.97,COBS_1013
COBS 19.12.35,COBS 19.9,CITES,rule,0.97,COBS_1013
COBS 19.12.35,COBS 19.1.2BR,CITES,rule,0.97,COBS_1013
COBS 19.12.35,COBS 19.1.3AR,CITES,rule,0.97,COBS_1013
COBS 19.12.35,COBS 19.11.23R,CITES,rule,0.97,COBS_1013
COBS 19.12.35,COBS 19.11.29R,CITES,rule,0.97,COBS_1013
COBS 20.1.2,COBS 20.2.42,CITES,rule,0.97,COBS_1015
COBS 20.1.2,COBS 20.2.52,CITES,rule,0.97,COBS_1015
COBS 20.1.5,COBS 20.1A,CITES,rule,0.97,COBS_1017
COBS 20.1.5,COBS 20.1A.1,CITES,rule,0.97,COBS_1017
COBS 20.1.5,COBS 20.1A.5,CITES,rule,0.97,COBS_1017
COBS 20.1.5,COBS 20.1A.6,CITES,rule,0.97,COBS_1017
COBS 20.1.5,COBS 20.2.17C,CITES,rule,0.97,COBS_1017
COBS 20.1.5,COBS 20.1A.2,CITES,rule,0.97,COBS_1017
COBS 20.1.5,COBS 20.1A.3,CITES,rule,0.97,COBS_1017
COBS 20.1.5,COBS 20.1A.4,CITES,rule,0.97,COBS_1017
COBS 20.1.5,COBS 20.1A.7,CITES,rule,0.97,COBS_1017
COBS 20.1.5,COBS 20.1A.8,CITES,rule,0.97,COBS_1017
COBS 20.1.5,COBS 20.1A.9,CITES,rule,0.97,COBS_1017
COBS 20.1.5,COBS 20.1A.10,CITES,rule,0.97,COBS_1017
COBS 20.1.5,COBS 20.1A.11,CITES,rule,0.97,COBS_1017
COBS 20.1.5,COBS 20.1A.12,CITES,rule,0.97,COBS_1017
COBS 20.1.5,COBS 20.1A.13,CITES,rule,0.97,COBS_1017
COBS 20.1.5,COBS 20.1A.14,CITES,rule,0.97,COBS_1017
COBS 20.1.5,COBS 20.1A.15,CITES,rule,0.97,COBS_1017
COBS 20.1.5,COBS 20.2,CITES,rule,0.97,COBS_1017
COBS 20.2.1,COBS 20.2.3,CITES,rule,0.97,COBS_1018
COBS 20.2.1,COBS 20.2.17,CITES,rule,0.97,COBS_1018
COBS 20.2.1B,COBS 20.2.1A,CITES,rule,0.97,COBS_1020
COBS 20.2.5,COBS 20.2.1,CITES,rule,0.97,COBS_1026
COBS 20.2.5,COBS 20.2.41,CITES,rule,0.97,COBS_1026
COBS 20.2.5,COBS 20.2.53,CITES,rule,0.97,COBS_1026
COBS 20.2.5,COBS 20.2.60,CITES,rule,0.97,COBS_1026
COBS 20.2.16A,COBS 20.2.16R,CITES,rule,0.97,COBS_1038
COBS 20.2.16C,COBS 20.2.21,CITES,rule,0.97,COBS_1040
COBS 20.2.16C,COBS 20.2.22,CITES,rule,0.97,COBS_1040
COBS 20.2.17B,COBS 20.2.17A,CITES,rule,0.97,COBS_1043
COBS 20.2.17B,COBS 20.2.17,CITES,rule,0.97,COBS_1043
COBS 20.2.17C,COBS 20.1A.5,CITES,rule,0.97,COBS_1044
COBS 20.2.19A,COBS 20.2.19BR,CITES,rule,0.97,COBS_1047
COBS 20.2.19B,COBS 20.2.19A,CITES,rule,0.97,COBS_1048
COBS 20.2.19C,COBS 20.2.19AR,CITES,rule,0.97,COBS_1049
COBS 20.2.19C,COBS 20.2.19A,CITES,rule,0.97,COBS_1049
COBS 20.2.19C,COBS 20.2.19B,CITES,rule,0.97,COBS_1049
COBS 20.2.25B,COBS 20.2.24,CITES,rule,0.97,COBS_1057
COBS 20.2.28A,COBS 20.2.60,CITES,rule,0.97,COBS_1064
COBS 20.2.28A,COBS 20.2.29,CITES,rule,0.97,COBS_1064
COBS 20.2.28A,COBS 20.2.28,CITES,rule,0.97,COBS_1064
COBS 20.2.30,COBS 20.2.28,CITES,rule,0.97,COBS_1066
COBS 20.2.32,COBS 20.2.32A,CITES,rule,0.97,COBS_1068
COBS 20.2.32B,COBS 20.2.35B,CITES,rule,0.97,COBS_1070
COBS 20.2.35B,COBS 20.2.35,CITES,rule,0.97,COBS_1075
COBS 20.2.35B,COBS 20.2.36,CITES,rule,0.97,COBS_1075
COBS 20.2.36B,COBS 20.2.36,CITES,rule,0.97,COBS_1078
COBS 20.2.41B,COBS 20.2.41A,CITES,rule,0.97,COBS_1085
COBS 20.2.41B,COBS 20.2.54R,CITES,rule,0.97,COBS_1085
COBS 20.2.41B,COBS 20.2.28,CITES,rule,0.97,COBS_1085
COBS 20.2.41B,COBS 20.2.60,CITES,rule,0.97,COBS_1085
COBS 20.2.42,COBS 20.2.21,CITES,rule,0.97,COBS_1086
COBS 20.2.44,COBS 20.2.45,CITES,rule,0.97,COBS_1088
COBS 20.2.45,COBS 20.2.44,CITES,rule,0.97,COBS_1089
COBS 20.2.60,COBS 20.2.28,CITES,rule,0.97,COBS_1104
COBS 20.2.60,COBS 20.2.61,CITES,rule,0.97,COBS_1104
COBS 20.2.61,COBS 20.3,CITES,rule,0.97,COBS_1105
COBS 20.3.5,COBS 20.2.34A,CITES,rule,0.97,COBS_1108
COBS 20.3.7,COBS 20.3.8,CITES,rule,0.97,COBS_1110
COBS 20.3.7,COBS 20.3.6,CITES,rule,0.97,COBS_1110
COBS 20.3.8,COBS 20.3.6R,CITES,rule,0.97,COBS_1111
COBS 20.3.8,COBS 20.4,CITES,rule,0.97,COBS_1111
COBS 20.4.10,COBS 20.5,CITES,rule,0.97,COBS_1118
COBS 20.5.3,COBS 20.1A.2,CITES,rule,0.97,COBS_1121
COBS 20.5.3,COBS 20.2.33,CITES,rule,0.97,COBS_1121
COBS 20.5.3,COBS 20.2.34,CITES,rule,0.97,COBS_1121
COBS 20.5.3,COBS 20.2.34A,CITES,rule,0.97,COBS_1121
COBS 20.5.5,COBS 20.5.3R,CITES,rule,0.97,COBS_1123
COBS 20.5.6,COBS 20.5.5R,CITES,rule,0.97,COBS_1124
COBS 21.1.1,COBS 21.3,CITES,rule,0.97,COBS_1127
COBS 21.2.4B,COBS 21.2.4A,CITES,rule,0.97,COBS_1134
COBS 21.2.9,COBS 21.3,CITES,rule,0.97,COBS_1136
COBS 21.2.9,COBS 21.3.,CITES,rule,0.97,COBS_1136
COBS 21.3.1,COBS 21.3.6,CITES,rule,0.97,COBS_1137
COBS 21.3.1,COBS 21.3.8,CITES,rule,0.97,COBS_1137
COBS 21.3.2,COBS 21.3.1R,CITES,rule,0.97,COBS_1139
COBS 21.3.11,COBS 21.3.11R,CITES,rule,0.97,COBS_1145
COBS 21.3.13,COBS 21.3.14,CITES,rule,0.97,COBS_1147
COBS 21.3.15,COBS 21.3.16R,CITES,rule,0.97,COBS_1149
COBS 21.3.16,COBS 21.3.15R,CITES,rule,0.97,COBS_1150
COBS 21.3.16,COBS 21.3.16AR,CITES,rule,0.97,COBS_1150
COBS 21.3.16A,COBS 21.3.16R,CITES,rule,0.97,COBS_1151
COBS 21.3.16B,COBS 21.3.16AR,CITES,rule,0.97,COBS_1152
COBS 21.3.16C,COBS 21.3.16R,CITES,rule,0.97,COBS_1153
COBS 21.3.16C,COBS 21.3.16AR,CITES,rule,0.97,COBS_1153
COBS 21.3.17,COBS 21.3.16R,CITES,rule,0.97,COBS_1154
COBS 21.3.18,COBS 21.3.16R,CITES,rule,0.97,COBS_1155
COBS 21.3.18A,COBS 21.3.16R,CITES,rule,0.97,COBS_1156
COBS 21.3.18B,COBS 21.3.16AR,CITES,rule,0.97,COBS_1157
COBS 21.3.18B,COBS 21.3.18AR,CITES,rule,0.97,COBS_1157
COBS 21.3.18B,COBS 21.3.16R,CITES,rule,0.97,COBS_1157
COBS 21.3.19A,COBS 21.3.19R,CITES,rule,0.97,COBS_1159
COBS 21.3.20,COBS 21.2.4R,CITES,rule,0.97,COBS_1160
